experiment,level,detector,n_no_change,fpr,fpr_lo,fpr_hi,n_drift,tpr,tpr_lo,tpr_hi,median_delay,early_rate
noise,1.0,BreakingPoint (selected),3000,0.023333,0.01851,0.029376,3000,0.869,0.856453,0.880603,5.0,0.005
noise,1.0,Best EWMA-only,3000,0.023,0.018215,0.029005,3000,0.848667,0.835397,0.861045,4.0,0.007667
noise,1.0,Best CUSUM-only,3000,0.027333,0.022076,0.0338,3000,0.863,0.85023,0.874841,5.0,0.006667
noise,1.0,Best EWMA+CUSUM,3000,0.016667,0.012665,0.021905,3000,0.842667,0.8292,0.855257,5.0,0.004
noise,1.0,Best consecutive-threshold,3000,0.022,0.01733,0.027892,3000,0.834,0.82026,0.846886,5.0,0.006667
noise,1.0,Naive single-rep 2σ threshold,3000,0.438,0.420336,0.455822,3000,0.680333,0.663424,0.696782,3.0,0.296333
noise,1.5,BreakingPoint (selected),3000,0.016667,0.012665,0.021905,3000,0.816667,0.802418,0.830105,5.0,0.004
noise,1.5,Best EWMA-only,3000,0.018333,0.014112,0.023786,3000,0.798,0.783256,0.811982,5.0,0.005
noise,1.5,Best CUSUM-only,3000,0.019667,0.015278,0.025284,3000,0.817667,0.803446,0.831075,5.0,0.004333
noise,1.5,Best EWMA+CUSUM,3000,0.016667,0.012665,0.021905,3000,0.786667,0.771645,0.800955,5.0,0.003667
noise,1.5,Best consecutive-threshold,3000,0.018667,0.014403,0.024161,3000,0.782,0.766869,0.796409,5.0,0.005
noise,1.5,Naive single-rep 2σ threshold,3000,0.405667,0.388227,0.423347,3000,0.677,0.660049,0.693498,3.0,0.289
noise,2.0,BreakingPoint (selected),3000,0.013333,0.009807,0.018104,3000,0.707333,0.690795,0.723341,6.0,0.004667
noise,2.0,Best EWMA-only,3000,0.013,0.009524,0.017721,3000,0.680333,0.663424,0.696782,5.0,0.007667
noise,2.0,Best CUSUM-only,3000,0.017667,0.013532,0.023035,3000,0.702667,0.686059,0.718756,6.0,0.006
noise,2.0,Best EWMA+CUSUM,3000,0.011333,0.008122,0.015795,3000,0.666667,0.649594,0.683313,6.0,0.004667
noise,2.0,Best consecutive-threshold,3000,0.014333,0.010659,0.01925,3000,0.664333,0.647234,0.681012,6.0,0.006
noise,2.0,Naive single-rep 2σ threshold,3000,0.377333,0.360155,0.394825,3000,0.641667,0.624336,0.658635,3.0,0.282
noise,3.0,BreakingPoint (selected),3000,0.015333,0.011515,0.020391,3000,0.502667,0.484783,0.520544,6.0,0.005
noise,3.0,Best EWMA-only,3000,0.016,0.012089,0.021149,3000,0.463667,0.44588,0.481547,6.0,0.007
noise,3.0,Best CUSUM-only,3000,0.015333,0.011515,0.020391,3000,0.504667,0.486781,0.522541,7.0,0.004333
noise,3.0,Best EWMA+CUSUM,3000,0.011333,0.008122,0.015795,3000,0.447667,0.429951,0.465516,6.0,0.005333
noise,3.0,Best consecutive-threshold,3000,0.012,0.00868,0.016568,3000,0.452667,0.434927,0.470528,6.0,0.004667
noise,3.0,Naive single-rep 2σ threshold,3000,0.36,0.343013,0.377346,3000,0.589667,0.571961,0.607143,4.0,0.254667
noise,4.0,BreakingPoint (selected),3000,0.015,0.011229,0.020011,3000,0.321,0.304532,0.337926,7.0,0.005333
noise,4.0,Best EWMA-only,3000,0.017,0.012954,0.022282,3000,0.282333,0.266512,0.298712,7.0,0.008333
noise,4.0,Best CUSUM-only,3000,0.019667,0.015278,0.025284,3000,0.321667,0.305188,0.338601,7.0,0.006333
noise,4.0,Best EWMA+CUSUM,3000,0.012667,0.009242,0.017337,3000,0.267333,0.251801,0.283461,7.0,0.006
noise,4.0,Best consecutive-threshold,3000,0.015,0.011229,0.020011,3000,0.274333,0.258663,0.290581,7.0,0.006667
noise,4.0,Naive single-rep 2σ threshold,3000,0.328667,0.312086,0.345685,3000,0.489,0.471138,0.506891,5.0,0.239333
noise,5.0,BreakingPoint (selected),3000,0.014667,0.010944,0.019631,3000,0.209,0.194827,0.223917,8.0,0.005
noise,5.0,Best EWMA-only,3000,0.014333,0.010659,0.01925,3000,0.181333,0.167956,0.195526,7.0,0.004333
noise,5.0,Best CUSUM-only,3000,0.016333,0.012377,0.021527,3000,0.22,0.20554,0.235177,8.0,0.004
noise,5.0,Best EWMA+CUSUM,3000,0.011333,0.008122,0.015795,3000,0.169667,0.15666,0.183519,7.0,0.003667
noise,5.0,Best consecutive-threshold,3000,0.016667,0.012665,0.021905,3000,0.184,0.170541,0.198267,7.0,0.004333
noise,5.0,Naive single-rep 2σ threshold,3000,0.319,0.302562,0.335901,3000,0.424667,0.407086,0.44244,5.0,0.219667
noise_post_cal,1.0,BreakingPoint (selected),3000,0.020667,0.016155,0.026404,3000,0.869667,0.857145,0.881243,5.0,0.008333
noise_post_cal,1.0,Best EWMA-only,3000,0.020667,0.016155,0.026404,3000,0.848333,0.835053,0.860723,5.0,0.010333
noise_post_cal,1.0,Best CUSUM-only,3000,0.024333,0.019398,0.030485,3000,0.868333,0.855761,0.879963,5.0,0.007333
noise_post_cal,1.0,Best EWMA+CUSUM,3000,0.015333,0.011515,0.020391,3000,0.849,0.835741,0.861366,5.0,0.006333
noise_post_cal,1.0,Best consecutive-threshold,3000,0.024,0.019102,0.030116,3000,0.839667,0.826104,0.852361,5.0,0.009
noise_post_cal,1.0,Naive single-rep 2σ threshold,3000,0.451667,0.433931,0.469526,3000,0.671333,0.654315,0.687914,3.0,0.303333
noise_post_cal,1.25,BreakingPoint (selected),3000,0.032,0.026276,0.038921,3000,0.872333,0.859913,0.883801,5.0,0.012667
noise_post_cal,1.25,Best EWMA-only,3000,0.031667,0.025975,0.038556,3000,0.856,0.842981,0.868109,4.0,0.017667
noise_post_cal,1.25,Best CUSUM-only,3000,0.038333,0.032032,0.045815,3000,0.872,0.859567,0.883481,5.0,0.012
noise_post_cal,1.25,Best EWMA+CUSUM,3000,0.022333,0.017625,0.028264,3000,0.849667,0.836431,0.862008,5.0,0.013333
noise_post_cal,1.25,Best consecutive-threshold,3000,0.032667,0.026879,0.039649,3000,0.844333,0.83092,0.856865,5.0,0.017
noise_post_cal,1.25,Naive single-rep 2σ threshold,3000,0.523333,0.505442,0.541165,3000,0.621,0.603495,0.638195,2.0,0.362667
noise_post_cal,1.5,BreakingPoint (selected),3000,0.061667,0.053607,0.070848,3000,0.871667,0.859221,0.883162,5.0,0.022
noise_post_cal,1.5,Best EWMA-only,3000,0.060333,0.052362,0.069429,3000,0.845667,0.832297,0.858152,4.0,0.027
noise_post_cal,1.5,Best CUSUM-only,3000,0.076333,0.067364,0.086386,3000,0.866333,0.853686,0.878043,5.0,0.024
noise_post_cal,1.5,Best EWMA+CUSUM,3000,0.051333,0.043995,0.05982,3000,0.842333,0.828856,0.854935,5.0,0.022333
noise_post_cal,1.5,Best consecutive-threshold,3000,0.059,0.051119,0.068009,3000,0.836667,0.823009,0.849463,5.0,0.024
noise_post_cal,1.5,Naive single-rep 2σ threshold,3000,0.61,0.592416,0.627303,3000,0.561667,0.543843,0.579332,2.0,0.422667
noise_post_cal,2.0,BreakingPoint (selected),3000,0.167667,0.154725,0.181458,3000,0.842333,0.828856,0.854935,4.0,0.070333
noise_post_cal,2.0,Best EWMA-only,3000,0.162333,0.149571,0.17596,3000,0.819,0.804817,0.832367,4.0,0.071333
noise_post_cal,2.0,Best CUSUM-only,3000,0.196,0.182187,0.21059,3000,0.835667,0.821978,0.848497,5.0,0.069333
noise_post_cal,2.0,Best EWMA+CUSUM,3000,0.145667,0.133496,0.158744,3000,0.826667,0.812705,0.839792,4.0,0.059333
noise_post_cal,2.0,Best consecutive-threshold,3000,0.151333,0.138955,0.164603,3000,0.805333,0.790778,0.819108,4.0,0.067667
noise_post_cal,2.0,Naive single-rep 2σ threshold,3000,0.782667,0.767552,0.797059,3000,0.381333,0.364114,0.398856,2.0,0.605333
noise_post_cal,2.5,BreakingPoint (selected),3000,0.354667,0.337743,0.371962,3000,0.782667,0.767552,0.797059,4.0,0.157667
noise_post_cal,2.5,Best EWMA-only,3000,0.32,0.303547,0.336914,3000,0.761,0.745411,0.775921,4.0,0.164667
noise_post_cal,2.5,Best CUSUM-only,3000,0.38,0.362795,0.397512,3000,0.786,0.770963,0.800306,4.0,0.155333
noise_post_cal,2.5,Best EWMA+CUSUM,3000,0.301,0.284849,0.31766,3000,0.778333,0.763119,0.792836,4.0,0.144667
noise_post_cal,2.5,Best consecutive-threshold,3000,0.295667,0.279606,0.31225,3000,0.757,0.74133,0.772013,4.0,0.153667
noise_post_cal,2.5,Naive single-rep 2σ threshold,3000,0.895,0.88352,0.905469,3000,0.243667,0.228639,0.25935,2.0,0.750333
noise_post_cal,3.0,BreakingPoint (selected),3000,0.576667,0.558899,0.594238,3000,0.674667,0.657687,0.691199,4.0,0.281
noise_post_cal,3.0,Best EWMA-only,3000,0.529,0.511112,0.546814,3000,0.644333,0.627028,0.661269,4.0,0.298
noise_post_cal,3.0,Best CUSUM-only,3000,0.600667,0.583023,0.618053,3000,0.689333,0.67254,0.705642,4.0,0.268333
noise_post_cal,3.0,Best EWMA+CUSUM,3000,0.507,0.489112,0.52487,3000,0.668667,0.651617,0.685285,4.0,0.269333
noise_post_cal,3.0,Best consecutive-threshold,3000,0.494667,0.476794,0.512553,3000,0.653667,0.636454,0.670487,4.0,0.274
noise_post_cal,3.0,Naive single-rep 2σ threshold,3000,0.953667,0.945547,0.960626,3000,0.142,0.129967,0.154949,2.0,0.855333
outliers,0.0,BreakingPoint (selected),3000,0.018,0.013822,0.023411,3000,0.875,0.862684,0.886357,5.0,0.007667
outliers,0.0,Best EWMA-only,3000,0.022333,0.017625,0.028264,3000,0.857333,0.844361,0.869392,5.0,0.010667
outliers,0.0,Best CUSUM-only,3000,0.022333,0.017625,0.028264,3000,0.868,0.855415,0.879644,5.0,0.008333
outliers,0.0,Best EWMA+CUSUM,3000,0.015333,0.011515,0.020391,3000,0.845333,0.831953,0.85783,5.0,0.008
outliers,0.0,Best consecutive-threshold,3000,0.019667,0.015278,0.025284,3000,0.847667,0.834364,0.86008,5.0,0.008
outliers,0.0,Naive single-rep 2σ threshold,3000,0.422,0.404438,0.439762,3000,0.720667,0.704337,0.736432,3.0,0.261667
outliers,0.02,BreakingPoint (selected),3000,0.023667,0.018806,0.029746,3000,0.868667,0.856107,0.880283,5.0,0.008
outliers,0.02,Best EWMA-only,3000,0.025,0.019991,0.031224,3000,0.853667,0.840567,0.865862,4.0,0.011333
outliers,0.02,Best CUSUM-only,3000,0.026667,0.021479,0.033065,3000,0.870667,0.858183,0.882202,5.0,0.007667
outliers,0.02,Best EWMA+CUSUM,3000,0.019333,0.014986,0.02491,3000,0.847333,0.834019,0.859759,5.0,0.007667
outliers,0.02,Best consecutive-threshold,3000,0.023667,0.018806,0.029746,3000,0.840333,0.826791,0.853005,5.0,0.009
outliers,0.02,Naive single-rep 2σ threshold,3000,0.616,0.598458,0.633245,3000,0.633,0.615592,0.650067,2.0,0.348667
outliers,0.05,BreakingPoint (selected),3000,0.033333,0.027483,0.040377,3000,0.873333,0.860952,0.88476,5.0,0.013667
outliers,0.05,Best EWMA-only,3000,0.037,0.030816,0.044368,3000,0.857333,0.844361,0.869392,5.0,0.016667
outliers,0.05,Best CUSUM-only,3000,0.039,0.032641,0.046538,3000,0.875333,0.86303,0.886677,5.0,0.013
outliers,0.05,Best EWMA+CUSUM,3000,0.028,0.022673,0.034534,3000,0.851,0.837809,0.863293,5.0,0.013
outliers,0.05,Best consecutive-threshold,3000,0.029667,0.024171,0.036365,3000,0.845,0.831609,0.857509,5.0,0.014
outliers,0.05,Naive single-rep 2σ threshold,3000,0.774667,0.75937,0.789261,3000,0.527333,0.509444,0.545152,2.0,0.462
outliers,0.1,BreakingPoint (selected),3000,0.051667,0.044303,0.060177,3000,0.873333,0.860952,0.88476,5.0,0.015
outliers,0.1,Best EWMA-only,3000,0.068333,0.059845,0.077926,3000,0.851667,0.838498,0.863936,4.0,0.023
outliers,0.1,Best CUSUM-only,3000,0.048333,0.041219,0.056602,3000,0.871333,0.858875,0.882842,5.0,0.016
outliers,0.1,Best EWMA+CUSUM,3000,0.057,0.049256,0.065877,3000,0.843667,0.830232,0.856222,5.0,0.02
outliers,0.1,Best consecutive-threshold,3000,0.057333,0.049566,0.066233,3000,0.835667,0.821978,0.848497,5.0,0.020333
outliers,0.1,Naive single-rep 2σ threshold,3000,0.911,0.900278,0.920671,3000,0.368667,0.351581,0.386088,2.0,0.627333
outliers,0.15,BreakingPoint (selected),3000,0.086333,0.076805,0.09692,3000,0.870333,0.857837,0.881883,5.0,0.031667
outliers,0.15,Best EWMA-only,3000,0.124333,0.113004,0.136624,3000,0.846,0.832642,0.858473,4.0,0.049667
outliers,0.15,Best CUSUM-only,3000,0.087333,0.077751,0.097971,3000,0.877667,0.865456,0.888912,5.0,0.025333
outliers,0.15,Best EWMA+CUSUM,3000,0.113667,0.102799,0.125522,3000,0.843333,0.829888,0.855901,4.0,0.044333
outliers,0.15,Best consecutive-threshold,3000,0.110667,0.099934,0.122395,3000,0.828667,0.814765,0.841728,5.0,0.042333
outliers,0.15,Naive single-rep 2σ threshold,3000,0.971333,0.964733,0.976728,3000,0.272667,0.257029,0.288886,2.0,0.725667
outliers,0.2,BreakingPoint (selected),3000,0.150333,0.137992,0.163569,3000,0.869667,0.857145,0.881243,5.0,0.046
outliers,0.2,Best EWMA-only,3000,0.200667,0.186722,0.215377,3000,0.837,0.823353,0.849785,4.0,0.076
outliers,0.2,Best CUSUM-only,3000,0.134333,0.122597,0.147005,3000,0.872333,0.859913,0.883801,5.0,0.04
outliers,0.2,Best EWMA+CUSUM,3000,0.197667,0.183806,0.2123,3000,0.835,0.821291,0.847853,4.0,0.073333
outliers,0.2,Best consecutive-threshold,3000,0.179,0.165695,0.193126,3000,0.824,0.809961,0.837211,4.0,0.071
outliers,0.2,Naive single-rep 2σ threshold,3000,0.988,0.983432,0.99132,3000,0.196667,0.182835,0.211274,1.0,0.803333
dropout,0.0,BreakingPoint (selected),3000,0.025333,0.020288,0.031592,3000,0.869333,0.856799,0.880923,5.0,0.006333
dropout,0.0,Best EWMA-only,3000,0.028,0.022673,0.034534,3000,0.854667,0.841601,0.866825,4.0,0.008
dropout,0.0,Best CUSUM-only,3000,0.028667,0.023272,0.035267,3000,0.867333,0.854724,0.879004,5.0,0.007
dropout,0.0,Best EWMA+CUSUM,3000,0.019,0.014694,0.024536,3000,0.846,0.832642,0.858473,5.0,0.005333
dropout,0.0,Best consecutive-threshold,3000,0.024333,0.019398,0.030485,3000,0.844333,0.83092,0.856865,5.0,0.009
dropout,0.0,Naive single-rep 2σ threshold,3000,0.436667,0.419011,0.454485,3000,0.665,0.647909,0.681669,2.0,0.312333
dropout,0.0,Selected · impute missing,3000,0.025333,0.020288,0.031592,3000,0.869333,0.856799,0.880923,5.0,0.006333
dropout,0.0,Selected · skip incomplete reps,3000,0.025333,0.020288,0.031592,3000,0.869333,0.856799,0.880923,5.0,0.006333
dropout,0.1,BreakingPoint (selected),3000,0.02,0.01557,0.025658,3000,0.859667,0.846777,0.871636,5.0,0.003333
dropout,0.1,Best EWMA-only,3000,0.019667,0.015278,0.025284,3000,0.844,0.830576,0.856544,5.0,0.005
dropout,0.1,Best CUSUM-only,3000,0.023,0.018215,0.029005,3000,0.852333,0.839188,0.864578,5.0,0.004333
dropout,0.1,Best EWMA+CUSUM,3000,0.015667,0.011802,0.02077,3000,0.841,0.827479,0.853648,5.0,0.002333
dropout,0.1,Best consecutive-threshold,3000,0.019333,0.014986,0.02491,3000,0.830333,0.816481,0.84334,5.0,0.005667
dropout,0.1,Naive single-rep 2σ threshold,3000,0.458333,0.440568,0.476205,3000,0.668667,0.651617,0.685285,3.0,0.306667
dropout,0.1,Selected · impute missing,3000,0.008333,0.005651,0.012273,3000,0.805,0.790436,0.818784,6.0,0.001333
dropout,0.1,Selected · skip incomplete reps,3000,0.002,0.000917,0.004357,3000,0.155,0.142491,0.168391,10.0,0.0
dropout,0.2,BreakingPoint (selected),3000,0.014333,0.010659,0.01925,3000,0.833,0.819229,0.845919,6.0,0.004333
dropout,0.2,Best EWMA-only,3000,0.018333,0.014112,0.023786,3000,0.832,0.818199,0.844952,5.0,0.007
dropout,0.2,Best CUSUM-only,3000,0.017,0.012954,0.022282,3000,0.822333,0.808246,0.835597,6.0,0.005333
dropout,0.2,Best EWMA+CUSUM,3000,0.013667,0.01009,0.018487,3000,0.816333,0.802076,0.829782,5.0,0.005
dropout,0.2,Best consecutive-threshold,3000,0.018333,0.014112,0.023786,3000,0.805,0.790436,0.818784,5.0,0.006667
dropout,0.2,Naive single-rep 2σ threshold,3000,0.459667,0.441896,0.477541,3000,0.672,0.654989,0.688571,3.0,0.311333
dropout,0.2,Selected · impute missing,3000,0.002333,0.001131,0.004809,3000,0.699333,0.682678,0.715479,6.0,0.000667
dropout,0.2,Selected · skip incomplete reps,3000,0.0,0.0,0.001279,3000,0.000333,5.9e-05,0.001886,6.0,0.0
dropout,0.3,BreakingPoint (selected),3000,0.009667,0.006739,0.013849,3000,0.707667,0.691133,0.723669,6.0,0.005
dropout,0.3,Best EWMA-only,3000,0.012333,0.008961,0.016953,3000,0.739333,0.723325,0.75473,6.0,0.008
dropout,0.3,Best CUSUM-only,3000,0.014,0.010374,0.018869,3000,0.693333,0.676594,0.709578,7.0,0.004
dropout,0.3,Best EWMA+CUSUM,3000,0.011,0.007843,0.015407,3000,0.72,0.703659,0.735778,6.0,0.006
dropout,0.3,Best consecutive-threshold,3000,0.013667,0.01009,0.018487,3000,0.719,0.702643,0.734797,6.0,0.008
dropout,0.3,Naive single-rep 2σ threshold,3000,0.421667,0.404107,0.439427,3000,0.697667,0.680988,0.71384,3.0,0.267
dropout,0.3,Selected · impute missing,3000,0.001,0.00034,0.002936,3000,0.543333,0.525464,0.561092,7.0,0.000333
dropout,0.3,Selected · skip incomplete reps,3000,0.0,0.0,0.001279,3000,0.0,0.0,0.001279,nan,0.0
dropout,0.4,BreakingPoint (selected),3000,0.005,0.003032,0.008234,3000,0.446667,0.428956,0.464514,8.0,0.001333
dropout,0.4,Best EWMA-only,3000,0.008667,0.005921,0.012669,3000,0.534,0.516117,0.551796,7.0,0.003667
dropout,0.4,Best CUSUM-only,3000,0.006,0.003799,0.009465,3000,0.416667,0.399142,0.434404,8.0,0.000667
dropout,0.4,Best EWMA+CUSUM,3000,0.007,0.004583,0.010678,3000,0.495,0.477126,0.512886,8.0,0.002333
dropout,0.4,Best consecutive-threshold,3000,0.008333,0.005651,0.012273,3000,0.510333,0.492443,0.528197,7.0,0.003333
dropout,0.4,Naive single-rep 2σ threshold,3000,0.311,0.294686,0.327798,3000,0.746667,0.730795,0.761908,4.0,0.165667
dropout,0.4,Selected · impute missing,3000,0.000667,0.000183,0.002428,3000,0.281667,0.265857,0.298034,9.0,0.000333
dropout,0.4,Selected · skip incomplete reps,3000,0.0,0.0,0.001279,3000,0.0,0.0,0.001279,nan,0.0
dropout,0.5,BreakingPoint (selected),3000,0.001,0.00034,0.002936,3000,0.111333,0.100571,0.12309,10.0,0.0
dropout,0.5,Best EWMA-only,3000,0.002333,0.001131,0.004809,3000,0.198667,0.184778,0.213326,9.0,0.001
dropout,0.5,Best CUSUM-only,3000,0.001,0.00034,0.002936,3000,0.092,0.082173,0.102871,10.5,0.0
dropout,0.5,Best EWMA+CUSUM,3000,0.001667,0.000712,0.003896,3000,0.173333,0.160208,0.187295,9.0,0.0
dropout,0.5,Best consecutive-threshold,3000,0.003,0.001579,0.005692,3000,0.188333,0.174744,0.20272,9.0,0.000667
dropout,0.5,Naive single-rep 2σ threshold,3000,0.182667,0.169248,0.196897,3000,0.641,0.623664,0.657976,5.0,0.097667
dropout,0.5,Selected · impute missing,3000,0.0,0.0,0.001279,3000,0.059,0.051119,0.068009,11.0,0.0
dropout,0.5,Selected · skip incomplete reps,3000,0.0,0.0,0.001279,3000,0.0,0.0,0.001279,nan,0.0
