metric,value
run.sessions_total,50000
run.sessions_selection_split,25000
run.sessions_holdout_split,25000
run.shards,1
run.base_seed,42
run.detector_configs,5056
run.drift_score_variants,5
run.configs_evaluated,25280
run.eval_set_sessions,10000
run.robustness_sessions_per_level,3000
run.compute_seconds_sweep,358.9
selected.config_id,ewma|a=0.4|bp=2|w=1.5|m=2|clip=2.5
selected.variant,grouped_quality+drop
selected.eligible_found,True
selected.mode,ewma
selected.ewma_alpha,0.4
selected.cusum_k,0.5
selected.cusum_h,4.0
selected.warning_threshold,1.5
selected.breakpoint_threshold,2.0
selected.minimum_persistent_reps,2
selected.outlier_clip,2.5
holdout.fpr,0.021801
holdout.fpr_lo,0.019621
holdout.fpr_hi,0.024217
holdout.tpr,0.888889
holdout.tpr_lo,0.882394
holdout.tpr_hi,0.895068
holdout.miss_rate,0.105608
holdout.early_rate,0.005503
holdout.median_delay,4.0
holdout.median_delay_lo,4.0
holdout.median_delay_hi,4.0
holdout.mean_delay,4.087976
holdout.median_cperr,1.0
selection_split.fpr,0.026306
selection_split.tpr,0.89172
selection_split.miss_rate,0.102473
selection_split.median_delay,4.0
selection_split.mean_delay,4.065718
holdout.scenario.A_no_change.false_positive_rate,0.0135
holdout.scenario.B_isolated_bad_rep.false_positive_rate,0.0394
holdout.scenario.C_gradual_drift.true_positive_rate,0.8695
holdout.scenario.C_gradual_drift.miss_rate,0.1254
holdout.scenario.C_gradual_drift.early_alarm_rate,0.0051
holdout.scenario.C_gradual_drift.median_detection_delay,5.0
holdout.scenario.D_sudden_change.true_positive_rate,0.9016
holdout.scenario.D_sudden_change.miss_rate,0.0914
holdout.scenario.D_sudden_change.early_alarm_rate,0.007
holdout.scenario.D_sudden_change.median_detection_delay,3.0
holdout.scenario.E_camera_noise.false_positive_rate,0.0158
holdout.scenario.F_landmark_dropout.false_positive_rate,0.0226
holdout.scenario.G_high_variability.false_positive_rate,0.0178
holdout.scenario.H_recovery.true_positive_rate,0.8956
holdout.scenario.H_recovery.miss_rate,0.1
holdout.scenario.H_recovery.early_alarm_rate,0.0044
holdout.scenario.H_recovery.median_detection_delay,4.0
recovery_check.n_sessions,1132
recovery_check.spearman_rho,0.827507
recovery_check.mae_percentage_points,14.246658
recovery_check.status_accuracy,0.80212
personal_vs_population.personal_baseline.fpr_all,0.02224
personal_vs_population.personal_baseline.fpr_all_lo,0.018867
personal_vs_population.personal_baseline.fpr_all_hi,0.0262
personal_vs_population.personal_baseline.fpr_G,0.0152
personal_vs_population.personal_baseline.fpr_G_lo,0.009752
personal_vs_population.personal_baseline.fpr_G_hi,0.023619
personal_vs_population.personal_baseline.tpr,0.888267
personal_vs_population.personal_baseline.tpr_lo,0.877783
personal_vs_population.personal_baseline.tpr_hi,0.897955
personal_vs_population.personal_baseline.median_delay,4.0
personal_vs_population.population_norm.fpr_all,0.18752
personal_vs_population.population_norm.fpr_all_lo,0.178036
personal_vs_population.population_norm.fpr_all_hi,0.197388
personal_vs_population.population_norm.fpr_G,0.3144
personal_vs_population.population_norm.fpr_G_lo,0.289264
personal_vs_population.population_norm.fpr_G_hi,0.340674
personal_vs_population.population_norm.tpr,0.4048
personal_vs_population.population_norm.tpr_lo,0.389195
personal_vs_population.population_norm.tpr_hi,0.4206
personal_vs_population.population_norm.median_delay,5.0
