path,sample,view,participants,jumps,measurement,median_abs_within_fresh,median_abs_within_post,median_abs_between
B,primary,advised,38,228,jumpHeight,0.01702802390658051,0.01924780249158417,0.012639918267344119
B,primary,advised,38,228,countermovementDepth,0.023077981081987414,0.023562320999349073,0.016169039883640213
B,primary,advised,38,228,trunkLean,4.498647932336048,3.6159665688202267,3.226347769369138
B,primary,advised,38,228,landingKneeFlex,4.208880954955404,3.8295577448344247,3.1766140753814867
B,primary,advised,38,228,rsiMod,0.05421188314539371,0.06831514156967566,0.05570365537538538
B,primary,advised,38,228,eccentricDuration,0.039824362148244696,0.05934368307704452,0.032128140001027566
B,primary,advised,38,228,S0 population score,0.12723420769688026,0.12135972802235953,0.10079479111781958
A,primary,advised,30,180,jumpHeight,0.01716120854213324,0.02033075658551939,0.008275215315521584
A,primary,advised,30,180,countermovementDepth,0.023042360797355887,0.016208355134599672,0.012155970538660826
A,primary,advised,30,180,trunkLean,6.024902737398918,3.6159665688202267,3.2547672030752803
A,primary,advised,30,180,landingKneeFlex,3.5669147100657383,3.7857771409998406,3.0265479689328814
A,primary,advised,30,180,rsiMod,0.041794267611580116,0.051867675258419316,0.051290372876992785
A,primary,advised,30,180,eccentricDuration,0.048308209466561,0.05876526549210154,0.04479767159996417
A,primary,advised,30,180,S0 population score,0.14924194483715914,0.1071095925135897,0.0819274515847419
