path,sample,view,participants,jumps,score,delta_score_n,delta_score_mean,delta_score_mean_interval_lo,delta_score_mean_interval_hi,delta_score_mean_interval_label,delta_score_median,delta_score_median_interval_lo,delta_score_median_interval_hi,delta_score_median_interval_label,delta_score_q25,delta_score_q75,delta_score_min,delta_score_max,delta_score_share_above_zero,rank_n,rank_mean,rank_mean_interval_lo,rank_mean_interval_hi,rank_mean_interval_label,rank_median,rank_median_interval_lo,rank_median_interval_hi,rank_median_interval_label,rank_q25,rank_q75,rank_min,rank_max,rank_share_above_zero,share_rank_1,personal_minus_population_rank_n,personal_minus_population_rank_mean,personal_minus_population_rank_mean_interval_lo,personal_minus_population_rank_mean_interval_hi,personal_minus_population_rank_mean_interval_label,personal_minus_population_rank_median,personal_minus_population_rank_median_interval_lo,personal_minus_population_rank_median_interval_hi,personal_minus_population_rank_median_interval_label,personal_minus_population_rank_q25,personal_minus_population_rank_q75,personal_minus_population_rank_min,personal_minus_population_rank_max,personal_minus_population_rank_share_above_zero
B,primary,advised,38,228,S0,38,-0.0028438218710271196,-0.07182535754513611,0.06613771380308187,95% CI,0.014919875439294072,,,,-0.10534357046110848,0.08462071496578705,-0.6575281587466261,0.612901462882719,0.5263157894736842,38,10.368421052631579,8.124215111132072,12.612626994131086,95% CI,9.0,,,,4.0,16.75,1.0,20.0,1.0,0.07894736842105263,38,-2.8157894736842106,,,,-2.0,,,,-6.75,2.0,-19.0,9.0,0.34210526315789475
B,primary,advised,38,228,S-P2,38,-0.00862771632432588,-0.08090852773837293,0.06365309508972117,95% CI,-0.008585090798445216,,,,-0.10436664952629379,0.07421848426752603,-0.6955027118252484,0.6422537183787376,0.4473684210526316,38,10.921052631578947,8.76042412816282,13.081681134995074,95% CI,12.0,,,,4.5,16.0,1.0,20.0,1.0,0.13157894736842105,38,-3.3947368421052633,,,,-3.0,,,,-7.5,1.75,-19.0,9.0,0.34210526315789475
B,primary,advised,38,228,S-P3,38,-0.001524224290492682,-0.074411545810939,0.07136309722995365,95% CI,0.002338712262864695,,,,-0.10297412713195123,0.09740372097168613,-0.6932043339596872,0.6533801387631115,0.5,38,10.368421052631579,8.162269890037617,12.57457221522554,95% CI,11.0,,,,3.25,15.75,1.0,20.0,1.0,0.07894736842105263,38,-2.6578947368421053,,,,-1.5,,,,-6.75,3.0,-19.0,12.0,0.39473684210526316
B,primary,advised,38,228,S-P2P3,38,-0.00845527458076442,-0.08370363168153622,0.06679308252000737,95% CI,-0.019593570634170998,,,,-0.1003747410076061,0.07429747439890616,-0.7372890007206959,0.6870084601014255,0.4473684210526316,38,10.947368421052632,8.858803238566743,13.03593360353852,95% CI,12.0,,,,5.25,15.75,1.0,20.0,1.0,0.10526315789473684,38,-3.526315789473684,,,,-2.0,,,,-8.0,1.0,-19.0,10.0,0.3157894736842105
B,primary,advised,38,228,S-valid,38,-0.03860909150521206,-0.10641168161884818,0.029193498608424066,95% CI,-0.03228459641202375,,,,-0.07790007987264562,0.05904110509465427,-0.8889206350813578,0.5436112422890611,0.39473684210526316,38,11.868421052631579,9.8463095071028,13.890532598160357,95% CI,13.0,,,,7.0,17.0,1.0,20.0,1.0,0.02631578947368421,38,-4.315789473684211,,,,-2.5,,,,-11.0,1.75,-19.0,11.0,0.2894736842105263
B,same_participants,advised,30,180,S0,30,-0.010487846707562939,-0.09427268185536772,0.07329698844024185,95% CI,-0.025185443493683568,,,,-0.0889313600435909,0.06444766902881854,-0.6416039342094532,0.5879387300253998,0.43333333333333335,30,11.233333333333333,8.827965821730734,13.638700844935931,95% CI,12.5,,,,5.75,16.75,1.0,20.0,1.0,0.1,30,-3.4,,,,-1.5,,,,-8.75,2.75,-19.0,8.0,0.4
B,same_participants,advised,30,180,S-P2,30,-0.009221323104890806,-0.09460621478912849,0.07616356857934688,95% CI,-0.018718842570878774,,,,-0.09729308452925514,0.052472579645435696,-0.6648741094173534,0.6130826707855455,0.36666666666666664,30,11.2,8.833491148884473,13.566508851115525,95% CI,12.0,,,,5.25,16.0,1.0,20.0,1.0,0.13333333333333333,30,-3.466666666666667,,,,-1.5,,,,-9.5,2.75,-19.0,8.0,0.4
B,same_participants,advised,30,180,S-P3,30,-0.01852192539445537,-0.1072863638531897,0.07024251306427896,95% CI,-0.015402504907131576,,,,-0.1163303950912708,0.05279134633862774,-0.6810665182859797,0.6253919036439275,0.43333333333333335,30,11.2,8.8869180978507,13.513081902149299,95% CI,11.5,,,,7.0,16.0,1.0,20.0,1.0,0.06666666666666667,30,-3.1,,,,-2.0,,,,-9.0,3.75,-19.0,12.0,0.4666666666666667
B,same_participants,advised,30,180,S-P2P3,30,-0.018151295615354224,-0.10898378254082164,0.07268119131011319,95% CI,-0.018781708464696956,,,,-0.0903777010809231,0.04834295317313471,-0.7081134331339741,0.654469064167164,0.43333333333333335,30,11.233333333333333,8.88255461136568,13.584112055300984,95% CI,12.0,,,,6.0,16.0,1.0,20.0,1.0,0.06666666666666667,30,-3.3666666666666667,,,,-2.5,,,,-8.0,3.75,-19.0,14.0,0.4
B,same_participants,advised,30,180,S-valid,30,-0.053617415523822834,-0.13465630288904845,0.027421471841402797,95% CI,-0.024507805018099738,,,,-0.09860338327264306,0.03647691829577099,-0.8535625456401934,0.5281955609555797,0.36666666666666664,30,12.0,9.717046355252037,14.282953644747963,95% CI,13.0,,,,7.0,17.0,1.0,20.0,1.0,0.03333333333333333,30,-3.8666666666666667,,,,-2.5,,,,-12.75,3.5,-19.0,10.0,0.36666666666666664
B,at_least_2_plus_2,advised,40,237,S0,40,0.005497840414729524,-0.06247815760232644,0.07347383843178548,95% CI,0.015410715867878316,,,,-0.0975945084741093,0.0957523789291736,-0.6690673751224996,0.621743400893314,0.525,,,,,,,,,,,,,,,,,,,,,,,,,,,,,
B,at_least_2_plus_2,advised,40,237,S-P2,40,0.000868604875958276,-0.07047570545596217,0.07221291520787872,95% CI,-0.00965547994219429,,,,-0.09819097471997265,0.08424737964803647,-0.7074141618579064,0.651425069629282,0.45,,,,,,,,,,,,,,,,,,,,,,,,,,,,,
B,at_least_2_plus_2,advised,40,237,S-P3,40,0.00861893394388675,-0.063442163863318,0.08068003175109151,95% CI,0.02961167589176361,,,,-0.09588194948831565,0.104252735677061,-0.7052791190629193,0.6624306889063716,0.525,,,,,,,,,,,,,,,,,,,,,,,,,,,,,
B,at_least_2_plus_2,advised,40,237,S-P2P3,40,0.003189376173804512,-0.0715588954779318,0.07793764782554082,95% CI,-0.008144028779679124,,,,-0.08749231562286575,0.08367810921779487,-0.7497543202609996,0.6964251749406947,0.5,,,,,,,,,,,,,,,,,,,,,,,,,,,,,
B,at_least_2_plus_2,advised,40,237,S-valid,40,-0.024862649149560045,-0.09371695510320041,0.04399165680408032,95% CI,-0.022936928626954844,,,,-0.0836603710290615,0.06951058698846899,-0.9020562202066041,0.5509286516594392,0.425,,,,,,,,,,,,,,,,,,,,,,,,,,,,,
B,at_least_1_plus_1,advised,43,247,S0,43,-0.021997922749377542,-0.0933593459278883,0.04936350042913321,95% CI,-0.02230091530813394,,,,-0.12728458850926155,0.08172681437442864,-0.653180843306886,0.6287340280790519,0.4883720930232558,,,,,,,,,,,,,,,,,,,,,,,,,,,,,
B,at_least_1_plus_1,advised,43,247,S-P2,43,-0.023539038345821862,-0.09643122428069187,0.04935314758904814,95% CI,-0.023640686580761128,,,,-0.12674643654325118,0.07810791400147687,-0.6901562591382813,0.658570699747113,0.4418604651162791,,,,,,,,,,,,,,,,,,,,,,,,,,,,,
B,at_least_1_plus_1,advised,43,247,S-P3,43,-0.01990232643070843,-0.09516896255324643,0.05536430969182958,95% CI,-0.023919735355114935,,,,-0.11736631436536651,0.1024276087525467,-0.6864598301361889,0.6689715620594325,0.4883720930232558,,,,,,,,,,,,,,,,,,,,,,,,,,,,,
B,at_least_1_plus_1,advised,43,247,S-P2P3,43,-0.022032096924735515,-0.09803607792527295,0.05397188407580193,95% CI,-0.02496697408555615,,,,-0.12316997873580249,0.07725364637430837,-0.7290725619435723,0.703113502063758,0.4418604651162791,,,,,,,,,,,,,,,,,,,,,,,,,,,,,
B,at_least_1_plus_1,advised,43,247,S-valid,43,-0.049741328333249665,-0.1201921320111004,0.020709475344601075,95% CI,-0.03334881220960195,,,,-0.12787927845295421,0.06427277966155209,-0.8809105759341197,0.5567487802592457,0.3953488372093023,,,,,,,,,,,,,,,,,,,,,,,,,,,,,
B,side_3_plus_3,side,37,222,S0,37,-0.019835398441180697,-0.09730796764411871,0.057637170761757325,95% CI,-0.003071431493124943,,,,-0.10716232270044312,0.06659108779842682,-0.7652867203598458,0.6276790026998883,0.4864864864864865,37,11.108108108108109,9.041128678664196,13.175087537552022,95% CI,11.0,,,,7.0,16.0,1.0,20.0,1.0,0.08108108108108109,37,-3.108108108108108,,,,-2.0,,,,-6.0,0.0,-19.0,16.0,0.21621621621621623
B,side_3_plus_3,side,37,222,S-P2,37,-0.006181171373419552,-0.08543304039656371,0.0730706976497246,95% CI,0.009098179316478161,,,,-0.09128670537575445,0.0718176215056785,-0.7935070034973527,0.6564309111910215,0.5405405405405406,37,10.594594594594595,8.532587517036195,12.656601672152995,95% CI,10.0,,,,4.0,16.0,1.0,20.0,1.0,0.05405405405405406,37,-3.0,,,,-2.0,,,,-7.0,1.0,-19.0,16.0,0.2702702702702703
B,side_3_plus_3,side,37,222,S-P3,37,-0.019908988072608005,-0.10061163285341801,0.060793656708202,95% CI,-0.004245490776543792,,,,-0.10361106345983662,0.06868460751931615,-0.7949082943542959,0.6589446633588932,0.4864864864864865,37,11.216216216216216,9.127906657104397,13.304525775328035,95% CI,11.0,,,,7.0,17.0,1.0,20.0,1.0,0.08108108108108109,37,-2.891891891891892,,,,-2.0,,,,-6.0,0.0,-19.0,15.0,0.24324324324324326
B,side_3_plus_3,side,37,222,S-P2P3,37,-0.005782586844328854,-0.08811313318071,0.0765479594920523,95% CI,-0.01709347082798446,,,,-0.08211248415801653,0.08254038167005451,-0.8270568828669084,0.6915162637377158,0.4864864864864865,37,10.72972972972973,8.639183351658522,12.820276107800938,95% CI,12.0,,,,4.0,16.0,1.0,20.0,1.0,0.05405405405405406,37,-2.864864864864865,,,,-3.0,,,,-7.0,0.0,-19.0,16.0,0.24324324324324326
B,side_3_plus_3,side,37,222,S-valid,37,-0.037131291047366254,-0.11037366377749061,0.036111081682758096,95% CI,-0.03613193782576207,,,,-0.0781156245493797,0.06801719207833923,-0.9343955554250863,0.5643123726271746,0.35135135135135137,37,11.864864864864865,9.857950854691742,13.871778875037988,95% CI,12.0,,,,8.0,17.0,1.0,20.0,1.0,0.02702702702702703,37,-4.027027027027027,,,,-4.0,,,,-8.0,0.0,-19.0,16.0,0.16216216216216217
A,primary,advised,30,180,S0,30,-0.021939838776700412,-0.1044939406244757,0.06061426307107487,95% CI,-0.023716541571355776,,,,-0.11088549303197742,0.028668621829360807,-0.5821260472339915,0.7133697653418771,0.3333333333333333,30,11.866666666666667,9.563305389452198,14.170027943881136,95% CI,13.5,,,,6.75,17.0,1.0,20.0,1.0,0.06666666666666667,30,-4.4,,,,-2.5,,,,-8.0,0.75,-19.0,11.0,0.26666666666666666
A,primary,advised,30,180,S-P2,30,-0.011924921936667462,-0.10284027048352816,0.07899042661019325,95% CI,-0.008654648758972372,,,,-0.12324952276179477,0.04046239471929458,-0.6178227252358388,0.7441101271604793,0.5,30,11.133333333333333,8.74189828354692,13.524768383119746,95% CI,11.0,,,,5.25,16.0,1.0,20.0,1.0,0.06666666666666667,30,-3.7666666666666666,,,,-1.0,,,,-7.0,2.0,-19.0,10.0,0.36666666666666664
A,primary,advised,30,180,S-P3,30,-0.033304654549681775,-0.12191613110592918,0.05530682200656563,95% CI,-0.03874141258584596,,,,-0.12562856560619634,0.02518390050745961,-0.6175141752758159,0.7572019139737387,0.3333333333333333,30,12.4,10.111577187296074,14.688422812703926,95% CI,14.0,,,,8.5,17.0,1.0,20.0,1.0,0.06666666666666667,30,-4.566666666666666,,,,-3.0,,,,-9.75,0.0,-19.0,9.0,0.23333333333333334
A,primary,advised,30,180,S-P2P3,30,-0.02343022094539586,-0.12082672681908489,0.07396628492829317,95% CI,-0.03012762459810092,,,,-0.13238618563923069,0.059831065219757035,-0.6585841578466822,0.792566316354067,0.4,30,11.666666666666666,9.222337012217334,14.110996321115998,95% CI,12.5,,,,6.0,17.0,1.0,20.0,1.0,0.06666666666666667,30,-3.9,,,,-4.0,,,,-8.75,2.0,-19.0,9.0,0.36666666666666664
A,primary,advised,30,180,S-valid,30,-0.05789023170843261,-0.14098978784136637,0.02520932442450114,95% CI,-0.04882511870271311,,,,-0.14116246367934587,0.05057818818597212,-0.7582918133347155,0.5874671815606629,0.43333333333333335,30,11.933333333333334,9.44494644973701,14.421720216929657,95% CI,14.0,,,,5.25,17.75,1.0,20.0,1.0,0.03333333333333333,30,-3.9,,,,-3.5,,,,-11.5,2.0,-19.0,11.0,0.4
A,same_participants,advised,30,180,S0,30,-0.021939838776700412,-0.1044939406244757,0.06061426307107487,95% CI,-0.023716541571355776,,,,-0.11088549303197742,0.028668621829360807,-0.5821260472339915,0.7133697653418771,0.3333333333333333,30,11.866666666666667,9.563305389452198,14.170027943881136,95% CI,13.5,,,,6.75,17.0,1.0,20.0,1.0,0.06666666666666667,30,-4.4,,,,-2.5,,,,-8.0,0.75,-19.0,11.0,0.26666666666666666
A,same_participants,advised,30,180,S-P2,30,-0.011924921936667462,-0.10284027048352816,0.07899042661019325,95% CI,-0.008654648758972372,,,,-0.12324952276179477,0.04046239471929458,-0.6178227252358388,0.7441101271604793,0.5,30,11.133333333333333,8.74189828354692,13.524768383119746,95% CI,11.0,,,,5.25,16.0,1.0,20.0,1.0,0.06666666666666667,30,-3.7666666666666666,,,,-1.0,,,,-7.0,2.0,-19.0,10.0,0.36666666666666664
A,same_participants,advised,30,180,S-P3,30,-0.033304654549681775,-0.12191613110592918,0.05530682200656563,95% CI,-0.03874141258584596,,,,-0.12562856560619634,0.02518390050745961,-0.6175141752758159,0.7572019139737387,0.3333333333333333,30,12.4,10.111577187296074,14.688422812703926,95% CI,14.0,,,,8.5,17.0,1.0,20.0,1.0,0.06666666666666667,30,-4.566666666666666,,,,-3.0,,,,-9.75,0.0,-19.0,9.0,0.23333333333333334
A,same_participants,advised,30,180,S-P2P3,30,-0.02343022094539586,-0.12082672681908489,0.07396628492829317,95% CI,-0.03012762459810092,,,,-0.13238618563923069,0.059831065219757035,-0.6585841578466822,0.792566316354067,0.4,30,11.666666666666666,9.222337012217334,14.110996321115998,95% CI,12.5,,,,6.0,17.0,1.0,20.0,1.0,0.06666666666666667,30,-3.9,,,,-4.0,,,,-8.75,2.0,-19.0,9.0,0.36666666666666664
A,same_participants,advised,30,180,S-valid,30,-0.05789023170843261,-0.14098978784136637,0.02520932442450114,95% CI,-0.04882511870271311,,,,-0.14116246367934587,0.05057818818597212,-0.7582918133347155,0.5874671815606629,0.43333333333333335,30,11.933333333333334,9.44494644973701,14.421720216929657,95% CI,14.0,,,,5.25,17.75,1.0,20.0,1.0,0.03333333333333333,30,-3.9,,,,-3.5,,,,-11.5,2.0,-19.0,11.0,0.4
A,at_least_2_plus_2,advised,36,208,S0,36,-0.004098995453101588,-0.07375374274329465,0.06555575183709146,95% CI,-0.028742122669386,,,,-0.08890598613435982,0.042140469940291275,-0.5872494550921448,0.7161104428461973,0.4444444444444444,,,,,,,,,,,,,,,,,,,,,,,,,,,,,
A,at_least_2_plus_2,advised,36,208,S-P2,36,0.002024535206375383,-0.07516475056763501,0.07921382098038578,95% CI,-0.005596911076637068,,,,-0.11445857945669122,0.07996674334928053,-0.6507781157748291,0.7506872448577531,0.4444444444444444,,,,,,,,,,,,,,,,,,,,,,,,,,,,,
A,at_least_2_plus_2,advised,36,208,S-P3,36,-0.011751493161196294,-0.08672386320235645,0.06322087687996386,95% CI,-0.025485363261634586,,,,-0.10519998583212678,0.03772085843623296,-0.620298233194845,0.7637260061587468,0.4444444444444444,,,,,,,,,,,,,,,,,,,,,,,,,,,,,
A,at_least_2_plus_2,advised,36,208,S-P2P3,36,-0.005589912037365066,-0.08861887182530649,0.07743904775057635,95% CI,-0.02002604228639987,,,,-0.12883259153593968,0.08535356873007952,-0.6929337494112797,0.8033444671663739,0.4166666666666667,,,,,,,,,,,,,,,,,,,,,,,,,,,,,
A,at_least_2_plus_2,advised,36,208,S-valid,36,-0.03416019476785766,-0.1072489775336394,0.03892858799792409,95% CI,-0.037987322242112154,,,,-0.1281299513302774,0.0792985338469896,-0.7938498543863313,0.6047469964570771,0.4166666666666667,,,,,,,,,,,,,,,,,,,,,,,,,,,,,
A,at_least_1_plus_1,advised,42,226,S0,42,-0.017868128056632293,-0.09126536910603959,0.05552911299277501,95% CI,-0.02322962224052283,,,,-0.1023868922613064,0.05257631040508626,-0.6156159075551861,0.7200468287840531,0.4523809523809524,,,,,,,,,,,,,,,,,,,,,,,,,,,,,
A,at_least_1_plus_1,advised,42,226,S-P2,42,-0.018534141415211917,-0.09665528108628621,0.05958699825586237,95% CI,-0.025453191400740205,,,,-0.11955406960075313,0.07247897555275012,-0.6498614463667853,0.7548179217070305,0.42857142857142855,,,,,,,,,,,,,,,,,,,,,,,,,,,,,
A,at_least_1_plus_1,advised,42,226,S-P3,42,-0.026924761885323233,-0.10444178313018532,0.050592259359538844,95% CI,-0.017163625751441147,,,,-0.11837855888189336,0.05747247012533213,-0.6732275934296904,0.7684514123535124,0.40476190476190477,,,,,,,,,,,,,,,,,,,,,,,,,,,,,
A,at_least_1_plus_1,advised,42,226,S-P2P3,42,-0.028163672972193517,-0.11101001708478599,0.054682671140398945,95% CI,-0.02656197278936334,,,,-0.13825252586572753,0.0796942562425953,-0.7113033333045564,0.8083194376714327,0.38095238095238093,,,,,,,,,,,,,,,,,,,,,,,,,,,,,
A,at_least_1_plus_1,advised,42,226,S-valid,42,-0.052854800886654105,-0.12740499884897918,0.021695397075670975,95% CI,-0.03636286977735198,,,,-0.1450334788009417,0.06622016333899441,-0.792153274164946,0.6111662160634255,0.38095238095238093,,,,,,,,,,,,,,,,,,,,,,,,,,,,,
A,side_3_plus_3,side,24,144,S0,24,0.006436880782434096,-0.11361494083399673,0.12648870239886492,95% CI,0.048637464542768294,,,,-0.11309009710508297,0.07655427330838865,-0.8131302179955195,0.7732947271872892,0.5833333333333334,24,9.666666666666666,6.852804440124064,12.480528893209268,95% CI,7.5,,,,4.0,17.0,1.0,20.0,1.0,0.125,24,-0.75,,,,0.5,,,,-2.5,3.0,-19.0,13.0,0.5
A,side_3_plus_3,side,24,144,S-P2,24,0.008668902721688252,-0.11942341725996554,0.13676122270334204,95% CI,0.002885609439489345,,,,-0.10996284740367235,0.09264271349858405,-0.8750568956582883,0.8145192749759078,0.5,24,10.333333333333334,7.55551812870681,13.111148537959858,95% CI,10.5,,,,4.75,16.0,1.0,20.0,1.0,0.125,24,-1.5,,,,-0.5,,,,-6.0,3.25,-19.0,13.0,0.4166666666666667
A,side_3_plus_3,side,24,144,S-P3,24,-0.00561251434401136,-0.13057211407804664,0.11934708539002394,95% CI,-0.01004206534033103,,,,-0.08742273077999557,0.0783673190768529,-0.837386194919209,0.8042782392533685,0.4583333333333333,24,10.458333333333334,7.730327667868554,13.186338998798114,95% CI,11.5,,,,5.5,15.0,1.0,20.0,1.0,0.125,24,-1.4166666666666667,,,,0.0,,,,-5.5,3.75,-19.0,12.0,0.4583333333333333
A,side_3_plus_3,side,24,144,S-P2P3,24,-0.0038090801043730075,-0.13731046496401952,0.12969230475527352,95% CI,-0.01657281771251229,,,,-0.09595172016612735,0.10285122828162818,-0.904563907610942,0.8500636166624118,0.4166666666666667,24,11.083333333333334,8.271538181308687,13.895128485357981,95% CI,11.5,,,,4.0,17.0,1.0,20.0,1.0,0.125,24,-2.25,,,,-3.0,,,,-6.25,4.5,-19.0,14.0,0.3333333333333333
A,side_3_plus_3,side,24,144,S-valid,24,-0.03808318054503461,-0.15620038501515937,0.08003402392509015,95% CI,-0.024496947189608376,,,,-0.08892491189063825,0.08805349875173454,-0.9695082864069151,0.6316001397570654,0.375,24,11.666666666666666,8.928201928631866,14.405131404701466,95% CI,11.0,,,,5.5,18.0,1.0,20.0,1.0,0.041666666666666664,24,-2.5,,,,-3.5,,,,-7.25,3.75,-19.0,14.0,0.3333333333333333
