path,sample,view,participants,jumps,measurement,interpreted,statistic,n,mean,mean_interval_lo,mean_interval_hi,mean_interval_label,median,median_interval_lo,median_interval_hi,median_interval_label,q25,q75,min,max,share_above_zero,wilcoxon_p,holm_p,rank_biserial
B,primary,advised,38,228,jumpHeight,True,delta,38,-0.0076699240085760624,-0.01314283972573241,-0.002197008291419715,95% CI,-0.005928361143459043,-0.015210921975201797,-0.0009837813393126504,96.6% exact interval,-0.015793305597860963,0.004146616886220825,-0.04708682601861802,0.02674610992834059,0.3157894736842105,0.010465310915606096,0.06279186549363658,-0.4709851551956815
B,primary,advised,38,228,jumpHeight,True,dz,38,-0.3350014260097922,-0.5648685182291964,-0.10513433379038811,95% CI,-0.2420130846254817,,,,-0.7441749512386897,0.23388187472387664,-2.044202769794653,1.0201695511271849,0.3157894736842105,,,
B,primary,advised,38,228,countermovementDepth,True,delta,38,0.0013173224933720686,-0.006690965096254326,0.009325610082998462,95% CI,0.0013253782207610088,-0.013212934563311629,0.010541547687755837,96.6% exact interval,-0.016350102712531372,0.01447050200645085,-0.04652974504935353,0.05176746501342733,0.5526315789473685,0.7963755468372256,1.0,0.04993252361673414
B,primary,advised,38,228,countermovementDepth,True,dz,38,-0.009056026648631733,-0.34807131927158186,0.32995926597431835,95% CI,0.04032138565264788,,,,-0.7625219816996198,0.6660748925680473,-2.3264872524676767,1.971919212043821,0.5526315789473685,,,
B,primary,advised,38,228,trunkLean,True,delta,38,1.9256433724935227,0.3033475704714914,3.547939174515554,95% CI,1.5494626674568863,-0.5071433465770383,3.664509120688571,96.6% exact interval,-1.290196508302568,4.839509618945344,-8.688232046831736,13.307613266960676,0.6578947368421053,0.028441033769922797,0.14220516884961398,0.40620782726045884
B,primary,advised,38,228,trunkLean,True,dz,38,0.5074196649871595,0.08950901379012816,0.9253303161841908,95% CI,0.4750160051116403,,,,-0.4337409528674129,1.6017331430471642,-2.038143442201265,3.915892361983243,0.6578947368421053,,,
B,primary,advised,38,228,landingKneeFlex,True,delta,38,1.0074592763185615,-0.8799486510203094,2.8948672036574323,95% CI,0.3509320371287501,-1.434263522730383,2.344718048760889,96.6% exact interval,-2.797801047212989,3.214161539506865,-10.663064298338384,20.668443183958736,0.5526315789473685,0.4816721434981446,1.0,0.13360323886639677
B,primary,advised,38,228,landingKneeFlex,True,dz,38,0.09704283192735837,-0.28209780979591687,0.47618347365063357,95% CI,0.07948462486316553,,,,-0.7120432879885685,0.883534045611622,-3.5355703126589173,3.037529368864754,0.5526315789473685,,,
B,primary,advised,38,228,rsiMod,True,delta,38,-0.02153175420686722,-0.043544201030557804,0.00048069261682336106,95% CI,-0.03918911170256062,-0.056945780935131085,0.015557616702372323,96.6% exact interval,-0.06444339780202628,0.02666440766536131,-0.1701396199913554,0.11527126306757418,0.3684210526315789,0.0413728777639335,0.165491511055734,-0.3792172739541161
B,primary,advised,38,228,rsiMod,True,dz,38,-0.5359420419777381,-0.9271316269183749,-0.14475245703710127,95% CI,-0.6999818888756622,,,,-1.3533540749712965,0.38707830972849816,-3.1237826252614225,1.907289255615293,0.3684210526315789,,,
B,primary,advised,38,228,eccentricDuration,True,delta,38,-0.004977319947439205,-0.04880451769823846,0.03884987780336005,95% CI,0.00739597674691192,-0.00892642190128512,0.026072461784191425,96.6% exact interval,-0.018070210851222443,0.03883133660182138,-0.5609565511613555,0.3758224591616679,0.6052631578947368,0.421044722374063,1.0,0.1524966261808367
B,primary,advised,38,228,eccentricDuration,True,dz,38,0.14519677240062473,-0.26827262929532136,0.5586661740965708,95% CI,0.16737987714837918,,,,-0.300838064340251,0.6753738863143215,-5.126273235096077,2.8446844476751685,0.6052631578947368,,,
B,primary,advised,38,228,flightTime,False,delta,38,-0.004678362573099444,-0.01196441983970763,0.0026076946935087424,95% CI,-0.005555555555555647,-0.011111111111111294,0.0,96.6% exact interval,-0.022222222222222227,0.008333333333333331,-0.0444444444444444,0.05555555555555591,0.2894736842105263,,,
B,primary,advised,38,228,flightTime,False,dz,38,-0.14374082731574483,-0.40850971197573316,0.12102805734424349,95% CI,-0.14351732254083685,,,,-0.6372091275384598,0.23120318135578316,-1.5151515151515094,2.0202020202020137,0.2894736842105263,,,
B,primary,advised,38,228,concentricDuration,False,delta,38,0.018128654970760247,0.0023248135909239194,0.03393249635059657,95% CI,0.016666666666666635,-8.326672684688674e-17,0.03333333333333338,96.6% exact interval,-0.011111111111111148,0.03333333333333352,-0.055555555555555525,0.2222222222222221,0.6578947368421053,,,
B,primary,advised,38,228,concentricDuration,False,dz,38,0.36866052427721063,0.08723883007510502,0.6500822184793162,95% CI,0.4384731022533371,,,,-0.27980637398920155,0.9682059698596079,-1.481481481481481,2.2369481596361735,0.6578947368421053,,,
B,primary,advised,38,228,asymmetry,False,delta,38,-0.02181392413470926,-0.8329723656435408,0.7893445173741223,95% CI,-0.15088458149094164,-1.2754839168870733,1.212940929647928,96.6% exact interval,-1.5350392837678548,1.5174900993585456,-7.429341766675895,5.312116511728917,0.5,,,
B,primary,advised,38,228,asymmetry,False,dz,38,-0.02446876840960809,-0.3106515907067545,0.2617140538875383,95% CI,-0.07290837654808134,,,,-0.6819886442770674,0.6490814741969296,-1.678040349847727,1.9480085548329618,0.5,,,
B,same_participants,advised,30,180,jumpHeight,True,delta,30,-0.008822551513627078,-0.013606763865948638,-0.004038339161305518,95% CI,-0.00669411298967712,-0.015210921975201797,-0.0022435088059648,95.7% exact interval,-0.015616724054817718,-0.0011191521651109648,-0.037553121066233874,0.012332176936454164,0.23333333333333334,,,
B,same_participants,advised,30,180,jumpHeight,True,dz,30,-0.3938580829497406,-0.618158010850997,-0.16955815504848426,95% CI,-0.29247911319839504,,,,-0.7337068097374624,-0.056716568082040474,-2.044202769794653,0.5662225572967976,0.23333333333333334,,,
B,same_participants,advised,30,180,countermovementDepth,True,delta,30,0.001970995109657267,-0.005413759745797388,0.009355749965111923,95% CI,0.0033671980941479274,-0.007326919463429393,0.010541547687755837,95.7% exact interval,-0.011881306931358943,0.010881927789763893,-0.03584241191228482,0.04105101240505671,0.6,,,
B,same_participants,advised,30,180,countermovementDepth,True,dz,30,0.03542310996764934,-0.271922809088802,0.3427690290241007,95% CI,0.13767620965001104,,,,-0.5940653465679471,0.5192559043213889,-1.712328896918765,1.682848372160411,0.6,,,
B,same_participants,advised,30,180,trunkLean,True,delta,30,1.9315802825439004,0.3401044570448619,3.5230561080429386,95% CI,1.699064469207837,0.7623118257772816,4.128956914498936,95.7% exact interval,-0.26667618343298827,4.839509618945344,-8.688232046831736,10.066337230482219,0.7333333333333333,,,
B,same_participants,advised,30,180,trunkLean,True,dz,30,0.5580170414988814,0.1822094565055683,0.9338246264921946,95% CI,0.5367223673285535,,,,-0.04907779724407707,1.590830396072407,-1.192261895040466,2.2334949650176243,0.7333333333333333,,,
B,same_participants,advised,30,180,landingKneeFlex,True,delta,30,0.4426290772755808,-0.994742098385623,1.8800002529367845,95% CI,0.6267411069084332,-1.434263522730383,2.344718048760889,95.7% exact interval,-2.555400952399644,3.0661905431596725,-10.663064298338384,8.066602631671024,0.5666666666666667,,,
B,same_participants,advised,30,180,landingKneeFlex,True,dz,30,0.06562161315818409,-0.3212676517321756,0.4525108780485438,95% CI,0.17135257990158698,,,,-0.6531085901751793,0.883534045611622,-3.5355703126589173,1.628010042024747,0.5666666666666667,,,
B,same_participants,advised,30,180,rsiMod,True,delta,30,-0.02600461245121077,-0.051517163542624755,-0.0004920613597967881,95% CI,-0.046389780643858736,-0.06242288995169204,0.015557616702372323,95.7% exact interval,-0.06552252650954876,0.025452429391470785,-0.1701396199913554,0.11527126306757418,0.3333333333333333,,,
B,same_participants,advised,30,180,rsiMod,True,dz,30,-0.6809931897834927,-1.1370127787188258,-0.2249736008481596,95% CI,-0.8744085302182825,,,,-1.4427689506748584,0.38707830972849816,-3.1237826252614225,1.907289255615293,0.3333333333333333,,,
B,same_participants,advised,30,180,eccentricDuration,True,delta,30,-0.0049241256830554895,-0.06051443586293538,0.050666184496824404,95% CI,0.00739597674691192,-0.01542368852168774,0.035981137291665355,95.7% exact interval,-0.018070210851222443,0.05104407702857387,-0.5609565511613555,0.3758224591616679,0.6333333333333333,,,
B,same_participants,advised,30,180,eccentricDuration,True,dz,30,0.1801703163504115,-0.32957427139715956,0.6899149040979825,95% CI,0.16737987714837918,,,,-0.300838064340251,0.6753738863143215,-5.126273235096077,2.8446844476751685,0.6333333333333333,,,
B,same_participants,advised,30,180,flightTime,False,delta,30,-0.006296296296296328,-0.013820113651264255,0.0012275210586715993,95% CI,-0.005555555555555702,-0.022222222222222143,0.0,95.7% exact interval,-0.022222222222222254,8.326672684688674e-17,-0.0444444444444444,0.04444444444444429,0.26666666666666666,,,
B,same_participants,advised,30,180,flightTime,False,dz,30,-0.19500410605145818,-0.4979824386131211,0.10797422651020472,95% CI,-0.157040108043602,,,,-0.7172523614604296,3.6735320667744156e-15,-1.5151515151515094,2.0202020202020137,0.26666666666666666,,,
B,same_participants,advised,30,180,concentricDuration,False,delta,30,0.02259259259259261,0.0034247350295600436,0.04176045015562517,95% CI,0.0222222222222222,-8.326672684688674e-17,0.03333333333333344,95.7% exact interval,-0.011111111111111113,0.041666666666666644,-0.055555555555555525,0.2222222222222221,0.6666666666666666,,,
B,same_participants,advised,30,180,concentricDuration,False,dz,30,0.46738995310388487,0.1585045957023689,0.7762753105054008,95% CI,0.5230842208587896,,,,-0.26522346247035755,1.0861170631225687,-0.8802620052938102,2.2369481596361735,0.6666666666666666,,,
B,same_participants,advised,30,180,asymmetry,False,delta,30,0.00815256509036854,-0.8364071160639045,0.8527122462446416,95% CI,-0.5739448297235203,-1.5108552614992448,1.212940929647928,95.7% exact interval,-1.6023401713959555,1.3714322966145098,-3.356080699695454,5.312116511728917,0.4666666666666667,,,
B,same_participants,advised,30,180,asymmetry,False,dz,30,-0.06627836318666712,-0.4122017391308463,0.279645012757512,95% CI,-0.2681236798898585,,,,-0.7394552307012439,0.6346113702583529,-1.678040349847727,1.9480085548329618,0.4666666666666667,,,
B,at_least_2_plus_2,advised,40,237,jumpHeight,True,delta,40,-0.007813435503351358,-0.013005344997951989,-0.0026215260087507266,95% CI,-0.00669411298967712,-0.01484409959943217,-0.001525264642505908,96.2% exact interval,-0.015707783402193032,0.003509190952745697,-0.04708682601861802,0.02674610992834059,0.3,,,
B,at_least_2_plus_2,advised,40,237,jumpHeight,True,dz,38,-0.3350014260097922,-0.5648685182291964,-0.10513433379038811,uncalibrated,-0.2420130846254817,,,,-0.7441749512386897,0.23388187472387664,-2.044202769794653,1.0201695511271849,0.3157894736842105,,,
B,at_least_2_plus_2,advised,40,237,countermovementDepth,True,delta,40,-4.342357352040555e-06,-0.008186367485718781,0.008177682771014699,95% CI,0.0013253782207610088,-0.013212934563311629,0.009957979531327599,96.2% exact interval,-0.01715613435393104,0.01209760282826948,-0.058545797417951684,0.05176746501342733,0.55,,,
B,at_least_2_plus_2,advised,40,237,countermovementDepth,True,dz,38,-0.009056026648631733,-0.34807131927158186,0.32995926597431835,uncalibrated,0.04032138565264788,,,,-0.7625219816996198,0.6660748925680473,-2.3264872524676767,1.971919212043821,0.5526315789473685,,,
B,at_least_2_plus_2,advised,40,237,trunkLean,True,delta,40,1.9837518142590898,0.43930364660959587,3.5281999819085836,95% CI,1.5494626674568863,0.45472530599916183,3.664509120688571,96.2% exact interval,-1.219787035563531,4.816492782403165,-8.688232046831736,13.307613266960676,0.675,,,
B,at_least_2_plus_2,advised,40,237,trunkLean,True,dz,38,0.5074196649871595,0.08950901379012816,0.9253303161841908,uncalibrated,0.4750160051116403,,,,-0.4337409528674129,1.6017331430471642,-2.038143442201265,3.915892361983243,0.6578947368421053,,,
B,at_least_2_plus_2,advised,40,237,landingKneeFlex,True,delta,40,1.0665518751654237,-0.7712751721170241,2.9043789224478713,95% CI,0.3509320371287501,-1.434263522730383,2.344718048760889,96.2% exact interval,-2.951016436177783,3.523440674387839,-10.663064298338384,20.668443183958736,0.55,,,
B,at_least_2_plus_2,advised,40,237,landingKneeFlex,True,dz,38,0.09704283192735837,-0.28209780979591687,0.47618347365063357,uncalibrated,0.07948462486316553,,,,-0.7120432879885685,0.883534045611622,-3.5355703126589173,3.037529368864754,0.5526315789473685,,,
B,at_least_2_plus_2,advised,40,237,rsiMod,True,delta,40,-0.02204029321810278,-0.043626875359300196,-0.00045371107690536996,95% CI,-0.03918911170256062,-0.056945780935131085,0.015557616702372323,96.2% exact interval,-0.06525210911571916,0.028381400546298563,-0.1701396199913554,0.11527126306757418,0.375,,,
B,at_least_2_plus_2,advised,40,237,rsiMod,True,dz,38,-0.5359420419777381,-0.9271316269183749,-0.14475245703710127,uncalibrated,-0.6999818888756622,,,,-1.3533540749712965,0.38707830972849816,-3.1237826252614225,1.907289255615293,0.3684210526315789,,,
B,at_least_2_plus_2,advised,40,237,eccentricDuration,True,delta,40,-0.0022040252208966548,-0.04487287799230952,0.04046482755051621,95% CI,0.00739597674691192,-0.00892642190128512,0.026072461784191425,96.2% exact interval,-0.021022902229729468,0.04021474822549574,-0.5609565511613555,0.3758224591616679,0.6,,,
B,at_least_2_plus_2,advised,40,237,eccentricDuration,True,dz,38,0.14519677240062473,-0.26827262929532136,0.5586661740965708,uncalibrated,0.16737987714837918,,,,-0.300838064340251,0.6753738863143215,-5.126273235096077,2.8446844476751685,0.6052631578947368,,,
B,at_least_2_plus_2,advised,40,237,flightTime,False,delta,40,-0.004722222222222251,-0.011639340474899439,0.002194896030454937,95% CI,-0.005555555555555647,-0.011111111111111294,0.0,96.2% exact interval,-0.02222222222222217,0.0027777777777779344,-0.0444444444444444,0.05555555555555591,0.3,,,
B,at_least_2_plus_2,advised,40,237,flightTime,False,dz,38,-0.14374082731574483,-0.40850971197573316,0.12102805734424349,uncalibrated,-0.14351732254083685,,,,-0.6372091275384598,0.23120318135578316,-1.5151515151515094,2.0202020202020137,0.2894736842105263,,,
B,at_least_2_plus_2,advised,40,237,concentricDuration,False,delta,40,0.01708333333333334,0.0019674736494454774,0.0321991930172212,95% CI,0.013888888888888895,-8.326672684688674e-17,0.033333333333333326,96.2% exact interval,-0.011111111111111162,0.033333333333333465,-0.055555555555555525,0.2222222222222221,0.65,,,
B,at_least_2_plus_2,advised,40,237,concentricDuration,False,dz,38,0.36866052427721063,0.08723883007510502,0.6500822184793162,uncalibrated,0.4384731022533371,,,,-0.27980637398920155,0.9682059698596079,-1.481481481481481,2.2369481596361735,0.6578947368421053,,,
B,at_least_2_plus_2,advised,40,237,asymmetry,False,delta,40,0.07140252570639247,-0.7719586067596037,0.9147636581723887,95% CI,-0.15088458149094164,-1.2754839168870733,1.212940929647928,96.2% exact interval,-1.562847140148024,1.7040707098966434,-7.429341766675895,6.2730659288129615,0.5,,,
B,at_least_2_plus_2,advised,40,237,asymmetry,False,dz,38,-0.02446876840960809,-0.3106515907067545,0.2617140538875383,uncalibrated,-0.07290837654808134,,,,-0.6819886442770674,0.6490814741969296,-1.678040349847727,1.9480085548329618,0.5,,,
B,at_least_1_plus_1,advised,43,247,jumpHeight,True,delta,43,-0.010203329133762346,-0.015901411793998385,-0.004505246473526308,95% CI,-0.009016844181756467,-0.015471829306193674,-0.0022435088059648,96.8% exact interval,-0.02059875639289452,0.0027093664074073764,-0.06547715117213604,0.02674610992834059,0.27906976744186046,,,
B,at_least_1_plus_1,advised,43,247,jumpHeight,True,dz,38,-0.3350014260097922,-0.5648685182291964,-0.10513433379038811,uncalibrated,-0.2420130846254817,,,,-0.7441749512386897,0.23388187472387664,-2.044202769794653,1.0201695511271849,0.3157894736842105,,,
B,at_least_1_plus_1,advised,43,247,countermovementDepth,True,delta,43,-0.0034947831698732648,-0.012405428249497157,0.005415861909750628,95% CI,0.0001713616689693609,-0.015357026334908819,0.008313848375731459,96.8% exact interval,-0.018661571207352567,0.01085270234034899,-0.08888283366883765,0.05176746501342733,0.5116279069767442,,,
B,at_least_1_plus_1,advised,43,247,countermovementDepth,True,dz,38,-0.009056026648631733,-0.34807131927158186,0.32995926597431835,uncalibrated,0.04032138565264788,,,,-0.7625219816996198,0.6660748925680473,-2.3264872524676767,1.971919212043821,0.5526315789473685,,,
B,at_least_1_plus_1,advised,43,247,trunkLean,True,delta,43,1.3494094997440964,-0.2938507873259273,2.99266978681412,95% CI,1.4110100371148988,-1.0452567555249317,2.6197170885221652,96.8% exact interval,-1.6376380691354004,4.784799371313454,-13.100506410121618,13.307613266960676,0.627906976744186,,,
B,at_least_1_plus_1,advised,43,247,trunkLean,True,dz,38,0.5074196649871595,0.08950901379012816,0.9253303161841908,uncalibrated,0.4750160051116403,,,,-0.4337409528674129,1.6017331430471642,-2.038143442201265,3.915892361983243,0.6578947368421053,,,
B,at_least_1_plus_1,advised,43,247,landingKneeFlex,True,delta,43,0.4293605366368684,-1.6036338497428402,2.462354923016577,95% CI,0.10011024145492797,-2.1872887477570373,2.135540500707883,96.8% exact interval,-3.0603269918674734,3.1766140753814867,-22.414089032014743,20.668443183958736,0.5348837209302325,,,
B,at_least_1_plus_1,advised,43,247,landingKneeFlex,True,dz,38,0.09704283192735837,-0.28209780979591687,0.47618347365063357,uncalibrated,0.07948462486316553,,,,-0.7120432879885685,0.883534045611622,-3.5355703126589173,3.037529368864754,0.5526315789473685,,,
B,at_least_1_plus_1,advised,43,247,rsiMod,True,delta,43,-0.02432708501888989,-0.04645979161275736,-0.0021943784250224203,95% CI,-0.03691631543698237,-0.056945780935131085,0.015557616702372323,96.8% exact interval,-0.06538731781263396,0.029706918540441385,-0.20784796880666123,0.11527126306757418,0.37209302325581395,,,
B,at_least_1_plus_1,advised,43,247,rsiMod,True,dz,38,-0.5359420419777381,-0.9271316269183749,-0.14475245703710127,uncalibrated,-0.6999818888756622,,,,-1.3533540749712965,0.38707830972849816,-3.1237826252614225,1.907289255615293,0.3684210526315789,,,
B,at_least_1_plus_1,advised,43,247,eccentricDuration,True,delta,43,-0.005926705331582358,-0.046893639623958414,0.0350402289607937,95% CI,0.005833817198456104,-0.00892642190128512,0.026072461784191425,96.8% exact interval,-0.02371385216334876,0.04064809341245143,-0.5609565511613555,0.3758224591616679,0.6046511627906976,,,
B,at_least_1_plus_1,advised,43,247,eccentricDuration,True,dz,38,0.14519677240062473,-0.26827262929532136,0.5586661740965708,uncalibrated,0.16737987714837918,,,,-0.300838064340251,0.6753738863143215,-5.126273235096077,2.8446844476751685,0.6052631578947368,,,
B,at_least_1_plus_1,advised,43,247,flightTime,False,delta,43,-0.007364341085271352,-0.014758084726619432,2.940255607672762e-05,95% CI,-0.011111111111111072,-0.011111111111111405,0.0,96.8% exact interval,-0.022222222222222254,1.6653345369377348e-16,-0.07777777777777795,0.05555555555555591,0.27906976744186046,,,
B,at_least_1_plus_1,advised,43,247,flightTime,False,dz,38,-0.14374082731574483,-0.40850971197573316,0.12102805734424349,uncalibrated,-0.14351732254083685,,,,-0.6372091275384598,0.23120318135578316,-1.5151515151515094,2.0202020202020137,0.2894736842105263,,,
B,at_least_1_plus_1,advised,43,247,concentricDuration,False,delta,43,0.01589147286821705,0.0012853772582300475,0.030497568478204055,95% CI,0.011111111111111183,-0.011111111111111072,0.033333333333333326,96.8% exact interval,-0.016666666666666552,0.03333333333333349,-0.055555555555555525,0.2222222222222221,0.627906976744186,,,
B,at_least_1_plus_1,advised,43,247,concentricDuration,False,dz,38,0.36866052427721063,0.08723883007510502,0.6500822184793162,uncalibrated,0.4384731022533371,,,,-0.27980637398920155,0.9682059698596079,-1.481481481481481,2.2369481596361735,0.6578947368421053,,,
B,at_least_1_plus_1,advised,43,247,asymmetry,False,delta,43,-0.1570615255461255,-1.0420039338819471,0.7278808827896962,95% CI,-0.5087291018227136,-1.2754839168870733,0.7938706371335336,96.8% exact interval,-1.5825936557719897,1.4741385690363011,-8.748340787631884,6.2730659288129615,0.46511627906976744,,,
B,at_least_1_plus_1,advised,43,247,asymmetry,False,dz,38,-0.02446876840960809,-0.3106515907067545,0.2617140538875383,uncalibrated,-0.07290837654808134,,,,-0.6819886442770674,0.6490814741969296,-1.678040349847727,1.9480085548329618,0.5,,,
B,side_3_plus_3,side,37,222,jumpHeight,True,delta,37,-0.006970625976320335,-0.012325287574383826,-0.0016159643782568426,95% CI,-0.0038390016223163737,-0.013534489025119445,-0.0009011936148490829,95.3% exact interval,-0.015106318114469885,0.004562165467744295,-0.044646035539732176,0.024788948610566464,0.32432432432432434,,,
B,side_3_plus_3,side,37,222,jumpHeight,True,dz,37,-0.3168721998909575,-0.552144377264995,-0.08160002251691995,95% CI,-0.1837572869201607,,,,-0.7740521732934902,0.21409968506015536,-2.096977285718973,0.9644032649575623,0.32432432432432434,,,
B,side_3_plus_3,side,37,222,countermovementDepth,True,delta,37,0.0021454757062627904,-0.006091457701470376,0.010382409113995957,95% CI,0.0007573888472385271,-0.00790357440075179,0.009836046486779493,95.3% exact interval,-0.015085000553999528,0.016539075442608242,-0.045492402502945284,0.053196487739957055,0.5675675675675675,,,
B,side_3_plus_3,side,37,222,countermovementDepth,True,dz,37,0.02048099010980831,-0.32406612998082135,0.36502811020043796,95% CI,0.029503142507779512,,,,-0.6643230430742539,0.6979252621355583,-2.274620125147264,1.9682356305130522,0.5675675675675675,,,
B,side_3_plus_3,side,37,222,trunkLean,True,delta,37,1.7913407384053854,0.2971753721773389,3.285506104633432,95% CI,1.6373405311089613,0.27411466715739863,2.707216200582664,95.3% exact interval,-0.8507931675036815,4.650991611616973,-7.104601436749384,12.770207676612536,0.6756756756756757,,,
B,side_3_plus_3,side,37,222,trunkLean,True,dz,37,0.48515169968724664,0.08392485055959525,0.8863785488148981,95% CI,0.4255816487349109,,,,-0.25421776290443837,1.3284186438741232,-1.9569864878975747,3.480395533781816,0.6756756756756757,,,
B,side_3_plus_3,side,37,222,landingKneeFlex,True,delta,37,1.7944764046827266,-0.2071009105805277,3.7960537199459807,95% CI,0.9553195091507263,-1.5752228984915746,2.7319554071048273,95.3% exact interval,-2.7779562539488865,4.628046962057709,-6.982084167488416,20.026027234784735,0.5675675675675675,,,
B,side_3_plus_3,side,37,222,landingKneeFlex,True,dz,37,0.23493983798318885,-0.13330712265452233,0.6031867986209001,95% CI,0.08497750336416432,,,,-0.7338305350106391,0.9106518023682758,-1.7711668860699736,3.0426652290395237,0.5675675675675675,,,
B,side_3_plus_3,side,37,222,rsiMod,True,delta,37,-0.02538344719693154,-0.049098981327252156,-0.0016679130666109251,95% CI,-0.0468738601399975,-0.05911408958804609,0.01614848807713576,95.3% exact interval,-0.061283823935273374,0.02354818009117743,-0.17057098062097975,0.11994343575597677,0.35135135135135137,,,
B,side_3_plus_3,side,37,222,rsiMod,True,dz,37,-0.6359982003716784,-1.0711714369189114,-0.2008249638244456,95% CI,-0.7270702159372033,,,,-1.278828035083929,0.3450002375320731,-3.364697347695189,1.8845248862316115,0.35135135135135137,,,
B,side_3_plus_3,side,37,222,eccentricDuration,True,delta,37,-0.005646540396069104,-0.05075841528793294,0.03946533449579473,95% CI,0.013041464737878872,-0.0038282670108890082,0.025963071117773018,95.3% exact interval,-0.01830954052600886,0.03590203741528064,-0.5609388278499711,0.38658193850753186,0.6216216216216216,,,
B,side_3_plus_3,side,37,222,eccentricDuration,True,dz,37,0.14348208152327876,-0.27662779794301395,0.5635919609895715,95% CI,0.31576558843433844,,,,-0.31899153178146894,0.5660040714477038,-5.12679501681144,2.8495575176290346,0.6216216216216216,,,
B,side_3_plus_3,side,37,222,flightTime,False,delta,37,-0.01621621621621629,-0.025440444358617326,-0.006991988073815254,95% CI,-0.011111111111111183,-0.022222222222222143,-2.220446049250313e-16,95.3% exact interval,-0.022222222222222254,-1.1102230246251565e-16,-0.11111111111111094,0.03333333333333355,0.10810810810810811,,,
B,side_3_plus_3,side,37,222,flightTime,False,dz,37,-0.40421406222142214,-0.6140488749066124,-0.1943792495362319,95% CI,-0.3799318756022296,,,,-0.7267307691047917,-3.407856097115625e-15,-1.666666666666669,1.28205128205129,0.10810810810810811,,,
B,side_3_plus_3,side,37,222,concentricDuration,False,delta,37,0.02492492492492496,0.007804947037888692,0.04204490281196123,95% CI,0.022222222222222365,0.0,0.04444444444444445,95.3% exact interval,-0.011111111111111072,0.044444444444444564,-0.055555555555555525,0.24444444444444424,0.6216216216216216,,,
B,side_3_plus_3,side,37,222,concentricDuration,False,dz,37,0.49775810093873085,0.20889670738846994,0.7866194944889917,95% CI,0.5492562202642892,,,,-0.2798063739892026,1.2978371382382257,-0.8802620052938102,2.598076211353327,0.6216216216216216,,,
B,side_3_plus_3,side,37,222,asymmetry,False,delta,37,0.0889903331358753,-0.5412341955968826,0.7192148618686333,95% CI,0.16259999590351515,-0.24913604840845938,0.7501140755309261,95.3% exact interval,-0.4164272096629842,0.9785116226479952,-7.141539732124035,3.650199877234248,0.5135135135135135,,,
B,side_3_plus_3,side,37,222,asymmetry,False,dz,37,0.08864967662412666,-0.13557619675544957,0.3128755500037029,95% CI,0.08129999795175757,,,,-0.2082136048314921,0.4892558113239976,-1.5518344468288632,1.2466882662469227,0.5135135135135135,,,
A,primary,advised,30,180,jumpHeight,True,delta,30,-0.007957117617672003,-0.012410702976491276,-0.003503532258852731,95% CI,-0.0070082859066855074,-0.013206611349434128,-0.0006225801139377873,95.7% exact interval,-0.016901166199450715,0.0007760446762215684,-0.035769320737267796,0.010106312828465747,0.26666666666666666,,,
A,primary,advised,30,180,jumpHeight,True,dz,30,-0.41723922221025184,-0.6643330765810215,-0.17014536783948217,95% CI,-0.3108420545980276,,,,-0.9160494927659623,0.0379353178576693,-2.342273338117751,0.5790407176694687,0.26666666666666666,,,
A,primary,advised,30,180,countermovementDepth,True,delta,30,0.004191800790602064,-0.003225461573960857,0.011609063155164984,95% CI,0.004221954076656709,-0.004573415510625178,0.012249926289724988,95.7% exact interval,-0.008657227518556333,0.015737547927791758,-0.040206022924603985,0.04441071559184068,0.5666666666666667,,,
A,primary,advised,30,180,countermovementDepth,True,dz,30,0.16290577743638313,-0.1342190573719798,0.46003061224474606,95% CI,0.16483210957388383,,,,-0.3154219497941958,0.754004962981355,-1.2943785155501684,2.220535779592034,0.5666666666666667,,,
A,primary,advised,30,180,trunkLean,True,delta,30,1.9315802825439004,0.3401044570448619,3.5230561080429386,95% CI,1.699064469207837,0.7623118257772816,4.128956914498936,95.7% exact interval,-0.26667618343298827,4.839509618945344,-8.688232046831736,10.066337230482219,0.7333333333333333,,,
A,primary,advised,30,180,trunkLean,True,dz,30,0.5580170414988814,0.1822094565055683,0.9338246264921946,95% CI,0.5367223673285535,,,,-0.04907779724407707,1.590830396072407,-1.192261895040466,2.2334949650176243,0.7333333333333333,,,
A,primary,advised,30,180,landingKneeFlex,True,delta,30,0.4291560314916246,-1.0475960444184569,1.905908107401706,95% CI,0.3138140134300542,-1.0664029850490877,2.7592057477987595,95.7% exact interval,-1.6384112269530924,3.2112913453754466,-10.270469227784247,8.180365205718672,0.6,,,
A,primary,advised,30,180,landingKneeFlex,True,dz,30,0.0966621899217957,-0.28293824819912905,0.47626262804272046,95% CI,0.06415610184659497,,,,-0.5461370756510308,0.9210791587049694,-3.353084977045945,1.650969721757699,0.6,,,
A,primary,advised,30,180,rsiMod,True,delta,30,-0.021501162558685043,-0.04387286757802508,0.0008705424606549952,95% CI,-0.0344412370899172,-0.05276984101892829,0.013118661669445641,95.7% exact interval,-0.06047269559663261,0.0202011079759407,-0.14262280002891248,0.10077268068976031,0.3333333333333333,,,
A,primary,advised,30,180,rsiMod,True,dz,30,-0.6294632778400966,-1.0807483811029648,-0.1781781745772284,95% CI,-0.834147721086812,,,,-1.3659611777601803,0.3964215024400938,-2.7722255958606383,1.8766357965163678,0.3333333333333333,,,
A,primary,advised,30,180,eccentricDuration,True,delta,30,-0.00024240444778590812,-0.05110960767336592,0.050624798777794106,95% CI,0.02113512435732856,-0.008695834185465268,0.04455495719850633,95.7% exact interval,-0.024003303251233857,0.04950697738139309,-0.48923136555935165,0.35358935360147614,0.6,,,
A,primary,advised,30,180,eccentricDuration,True,dz,30,0.22739179866412496,-0.22207508651829772,0.6768586838465476,95% CI,0.44480467285136105,,,,-0.5419287845161868,0.9661039213742191,-4.164171063094173,2.3334263853581816,0.6,,,
A,primary,advised,30,180,flightTime,False,delta,30,-0.012592592592592489,-0.027036410809988382,0.001851225624803405,95% CI,-0.02222222222222192,-0.022222222222222476,0.011111111111111294,95.7% exact interval,-0.0416666666666666,0.01944444444444443,-0.09999999999999976,0.07777777777777783,0.4,,,
A,primary,advised,30,180,flightTime,False,dz,30,-0.23070003928921906,-0.5639937708027816,0.10259369222434339,95% CI,-0.32880047367449233,,,,-0.8120417827307254,0.42974349484710705,-2.430555555555546,1.7596445186299376,0.4,,,
A,primary,advised,30,180,concentricDuration,False,delta,30,0.01629629629629624,-0.0005386397741624707,0.03313123236675495,95% CI,0.011111111111110919,0.0,0.02222222222222231,95.7% exact interval,0.0,0.030555555555555378,-0.08888888888888888,0.17777777777777792,0.6333333333333333,,,
A,primary,advised,30,180,concentricDuration,False,dz,30,0.36116199854806047,0.05477155732879929,0.6675524397673216,95% CI,0.2637059199606874,,,,0.0,0.7241782454247077,-1.661784615190571,2.7340477506664262,0.6333333333333333,,,
A,primary,advised,30,180,asymmetry,False,delta,30,0.13130051079256647,-0.7441884581556464,1.0067894797407793,95% CI,-0.3950475931848536,-1.4253448284712436,1.3233539350356316,95.7% exact interval,-1.6144316081606296,1.410322283651385,-3.612637929529877,5.176443659415,0.4666666666666667,,,
A,primary,advised,30,180,asymmetry,False,dz,30,-0.025481160920136855,-0.37878318107834935,0.32782085923807563,95% CI,-0.1952178342888983,,,,-0.6948321457491755,0.6700595755540928,-1.8063189647649385,1.839684289772319,0.4666666666666667,,,
A,same_participants,advised,30,180,jumpHeight,True,delta,30,-0.007957117617672003,-0.012410702976491276,-0.003503532258852731,95% CI,-0.0070082859066855074,-0.013206611349434128,-0.0006225801139377873,95.7% exact interval,-0.016901166199450715,0.0007760446762215684,-0.035769320737267796,0.010106312828465747,0.26666666666666666,,,
A,same_participants,advised,30,180,jumpHeight,True,dz,30,-0.41723922221025184,-0.6643330765810215,-0.17014536783948217,95% CI,-0.3108420545980276,,,,-0.9160494927659623,0.0379353178576693,-2.342273338117751,0.5790407176694687,0.26666666666666666,,,
A,same_participants,advised,30,180,countermovementDepth,True,delta,30,0.004191800790602064,-0.003225461573960857,0.011609063155164984,95% CI,0.004221954076656709,-0.004573415510625178,0.012249926289724988,95.7% exact interval,-0.008657227518556333,0.015737547927791758,-0.040206022924603985,0.04441071559184068,0.5666666666666667,,,
A,same_participants,advised,30,180,countermovementDepth,True,dz,30,0.16290577743638313,-0.1342190573719798,0.46003061224474606,95% CI,0.16483210957388383,,,,-0.3154219497941958,0.754004962981355,-1.2943785155501684,2.220535779592034,0.5666666666666667,,,
A,same_participants,advised,30,180,trunkLean,True,delta,30,1.9315802825439004,0.3401044570448619,3.5230561080429386,95% CI,1.699064469207837,0.7623118257772816,4.128956914498936,95.7% exact interval,-0.26667618343298827,4.839509618945344,-8.688232046831736,10.066337230482219,0.7333333333333333,,,
A,same_participants,advised,30,180,trunkLean,True,dz,30,0.5580170414988814,0.1822094565055683,0.9338246264921946,95% CI,0.5367223673285535,,,,-0.04907779724407707,1.590830396072407,-1.192261895040466,2.2334949650176243,0.7333333333333333,,,
A,same_participants,advised,30,180,landingKneeFlex,True,delta,30,0.4291560314916246,-1.0475960444184569,1.905908107401706,95% CI,0.3138140134300542,-1.0664029850490877,2.7592057477987595,95.7% exact interval,-1.6384112269530924,3.2112913453754466,-10.270469227784247,8.180365205718672,0.6,,,
A,same_participants,advised,30,180,landingKneeFlex,True,dz,30,0.0966621899217957,-0.28293824819912905,0.47626262804272046,95% CI,0.06415610184659497,,,,-0.5461370756510308,0.9210791587049694,-3.353084977045945,1.650969721757699,0.6,,,
A,same_participants,advised,30,180,rsiMod,True,delta,30,-0.021501162558685043,-0.04387286757802508,0.0008705424606549952,95% CI,-0.0344412370899172,-0.05276984101892829,0.013118661669445641,95.7% exact interval,-0.06047269559663261,0.0202011079759407,-0.14262280002891248,0.10077268068976031,0.3333333333333333,,,
A,same_participants,advised,30,180,rsiMod,True,dz,30,-0.6294632778400966,-1.0807483811029648,-0.1781781745772284,95% CI,-0.834147721086812,,,,-1.3659611777601803,0.3964215024400938,-2.7722255958606383,1.8766357965163678,0.3333333333333333,,,
A,same_participants,advised,30,180,eccentricDuration,True,delta,30,-0.00024240444778590812,-0.05110960767336592,0.050624798777794106,95% CI,0.02113512435732856,-0.008695834185465268,0.04455495719850633,95.7% exact interval,-0.024003303251233857,0.04950697738139309,-0.48923136555935165,0.35358935360147614,0.6,,,
A,same_participants,advised,30,180,eccentricDuration,True,dz,30,0.22739179866412496,-0.22207508651829772,0.6768586838465476,95% CI,0.44480467285136105,,,,-0.5419287845161868,0.9661039213742191,-4.164171063094173,2.3334263853581816,0.6,,,
A,same_participants,advised,30,180,flightTime,False,delta,30,-0.012592592592592489,-0.027036410809988382,0.001851225624803405,95% CI,-0.02222222222222192,-0.022222222222222476,0.011111111111111294,95.7% exact interval,-0.0416666666666666,0.01944444444444443,-0.09999999999999976,0.07777777777777783,0.4,,,
A,same_participants,advised,30,180,flightTime,False,dz,30,-0.23070003928921906,-0.5639937708027816,0.10259369222434339,95% CI,-0.32880047367449233,,,,-0.8120417827307254,0.42974349484710705,-2.430555555555546,1.7596445186299376,0.4,,,
A,same_participants,advised,30,180,concentricDuration,False,delta,30,0.01629629629629624,-0.0005386397741624707,0.03313123236675495,95% CI,0.011111111111110919,0.0,0.02222222222222231,95.7% exact interval,0.0,0.030555555555555378,-0.08888888888888888,0.17777777777777792,0.6333333333333333,,,
A,same_participants,advised,30,180,concentricDuration,False,dz,30,0.36116199854806047,0.05477155732879929,0.6675524397673216,95% CI,0.2637059199606874,,,,0.0,0.7241782454247077,-1.661784615190571,2.7340477506664262,0.6333333333333333,,,
A,same_participants,advised,30,180,asymmetry,False,delta,30,0.13130051079256647,-0.7441884581556464,1.0067894797407793,95% CI,-0.3950475931848536,-1.4253448284712436,1.3233539350356316,95.7% exact interval,-1.6144316081606296,1.410322283651385,-3.612637929529877,5.176443659415,0.4666666666666667,,,
A,same_participants,advised,30,180,asymmetry,False,dz,30,-0.025481160920136855,-0.37878318107834935,0.32782085923807563,95% CI,-0.1952178342888983,,,,-0.6948321457491755,0.6700595755540928,-1.8063189647649385,1.839684289772319,0.4666666666666667,,,
A,at_least_2_plus_2,advised,36,208,jumpHeight,True,delta,36,-0.0077374062907988135,-0.012079796174300123,-0.0033950164072975037,95% CI,-0.0061643898714432155,-0.012644636897082784,-0.0009254698854745391,97.1% exact interval,-0.015192135525560688,9.401564189324974e-05,-0.03741875019505286,0.01820625247245683,0.25,,,
A,at_least_2_plus_2,advised,36,208,jumpHeight,True,dz,30,-0.41723922221025184,-0.6643330765810215,-0.17014536783948217,uncalibrated,-0.3108420545980276,,,,-0.9160494927659623,0.0379353178576693,-2.342273338117751,0.5790407176694687,0.26666666666666666,,,
A,at_least_2_plus_2,advised,36,208,countermovementDepth,True,delta,36,0.003499820728453212,-0.004795383977690467,0.01179502543459689,95% CI,0.004221954076656709,-0.004798759061968638,0.012249926289724988,97.1% exact interval,-0.010934207714189945,0.0167698422082425,-0.04054538048634107,0.07085562735352408,0.5555555555555556,,,
A,at_least_2_plus_2,advised,36,208,countermovementDepth,True,dz,30,0.16290577743638313,-0.1342190573719798,0.46003061224474606,uncalibrated,0.16483210957388383,,,,-0.3154219497941958,0.754004962981355,-1.2943785155501684,2.220535779592034,0.5666666666666667,,,
A,at_least_2_plus_2,advised,36,208,trunkLean,True,delta,36,1.8939592599355888,0.2832294706453451,3.5046890492258322,95% CI,1.5494626674568863,0.45472530599916183,4.128956914498936,97.1% exact interval,-1.0800881414422019,4.816492782403165,-8.688232046831736,14.825032531278893,0.6944444444444444,,,
A,at_least_2_plus_2,advised,36,208,trunkLean,True,dz,30,0.5580170414988814,0.1822094565055683,0.9338246264921946,uncalibrated,0.5367223673285535,,,,-0.04907779724407707,1.590830396072407,-1.192261895040466,2.2334949650176243,0.7333333333333333,,,
A,at_least_2_plus_2,advised,36,208,landingKneeFlex,True,delta,36,0.955231368089639,-0.9722101698940263,2.8826729060733043,95% CI,0.13070260218183805,-1.1649797525785033,2.7592057477987595,97.1% exact interval,-2.7968168369191027,3.317071735102438,-10.270469227784247,25.17758559123508,0.5555555555555556,,,
A,at_least_2_plus_2,advised,36,208,landingKneeFlex,True,dz,30,0.0966621899217957,-0.28293824819912905,0.47626262804272046,uncalibrated,0.06415610184659497,,,,-0.5461370756510308,0.9210791587049694,-3.353084977045945,1.650969721757699,0.6,,,
A,at_least_2_plus_2,advised,36,208,rsiMod,True,delta,36,-0.019080383092705724,-0.04128000267932004,0.0031192364939085955,95% CI,-0.029170452449775827,-0.05276984101892829,0.01898312975111427,97.1% exact interval,-0.06355370775063662,0.029723397548236802,-0.15609513533463615,0.10077268068976031,0.3611111111111111,,,
A,at_least_2_plus_2,advised,36,208,rsiMod,True,dz,30,-0.6294632778400966,-1.0807483811029648,-0.1781781745772284,uncalibrated,-0.834147721086812,,,,-1.3659611777601803,0.3964215024400938,-2.7722255958606383,1.8766357965163678,0.3333333333333333,,,
A,at_least_2_plus_2,advised,36,208,eccentricDuration,True,delta,36,0.0014175518659060953,-0.04132719418942479,0.04416229792123698,95% CI,0.01956392235232224,-0.021839290951636003,0.04455495719850633,97.1% exact interval,-0.027255479249902848,0.05100181237540924,-0.48923136555935165,0.35358935360147614,0.5555555555555556,,,
A,at_least_2_plus_2,advised,36,208,eccentricDuration,True,dz,30,0.22739179866412496,-0.22207508651829772,0.6768586838465476,uncalibrated,0.44480467285136105,,,,-0.5419287845161868,0.9661039213742191,-4.164171063094173,2.3334263853581816,0.6,,,
A,at_least_2_plus_2,advised,36,208,flightTime,False,delta,36,-0.010030864197530763,-0.022770458596881534,0.002708730201820008,95% CI,-0.013888888888888895,-0.022222222222222476,0.011111111111111294,97.1% exact interval,-0.03611111111111123,0.0222222222222222,-0.09999999999999976,0.07777777777777783,0.4166666666666667,,,
A,at_least_2_plus_2,advised,36,208,flightTime,False,dz,30,-0.23070003928921906,-0.5639937708027816,0.10259369222434339,uncalibrated,-0.32880047367449233,,,,-0.8120417827307254,0.42974349484710705,-2.430555555555546,1.7596445186299376,0.4,,,
A,at_least_2_plus_2,advised,36,208,concentricDuration,False,delta,36,0.01327160493827154,-0.001578957308552835,0.028122167185095914,95% CI,0.011111111111110822,0.0,0.0222222222222222,97.1% exact interval,-0.0027777777777779136,0.025000000000000036,-0.08888888888888888,0.17777777777777792,0.5833333333333334,,,
A,at_least_2_plus_2,advised,36,208,concentricDuration,False,dz,30,0.36116199854806047,0.05477155732879929,0.6675524397673216,uncalibrated,0.2637059199606874,,,,0.0,0.7241782454247077,-1.661784615190571,2.7340477506664262,0.6333333333333333,,,
A,at_least_2_plus_2,advised,36,208,asymmetry,False,delta,36,0.3102627584055359,-0.5099210041178532,1.1304465209289252,95% CI,-0.08261447937919764,-1.0787409185469983,1.3233539350356316,97.1% exact interval,-1.5437882542355417,1.3950644334783364,-3.612637929529877,6.573232443803235,0.5,,,
A,at_least_2_plus_2,advised,36,208,asymmetry,False,dz,30,-0.025481160920136855,-0.37878318107834935,0.32782085923807563,uncalibrated,-0.1952178342888983,,,,-0.6948321457491755,0.6700595755540928,-1.8063189647649385,1.839684289772319,0.4666666666666667,,,
A,at_least_1_plus_1,advised,42,226,jumpHeight,True,delta,42,-0.008077986000541229,-0.013523392662594537,-0.002632579338487921,95% CI,-0.0061643898714432155,-0.012644636897082784,-0.0010533109840437094,95.6% exact interval,-0.018224533183277214,0.0007760446762215684,-0.0641306528057427,0.037176820864045224,0.2619047619047619,,,
A,at_least_1_plus_1,advised,42,226,jumpHeight,True,dz,30,-0.41723922221025184,-0.6643330765810215,-0.17014536783948217,uncalibrated,-0.3108420545980276,,,,-0.9160494927659623,0.0379353178576693,-2.342273338117751,0.5790407176694687,0.26666666666666666,,,
A,at_least_1_plus_1,advised,42,226,countermovementDepth,True,delta,42,-0.0007531571051105588,-0.009490618841489521,0.007984304631268405,95% CI,0.00022077145507065632,-0.009943383670752232,0.010586879661566795,95.6% exact interval,-0.019284610857111445,0.015737547927791758,-0.08326956436698185,0.07085562735352408,0.5,,,
A,at_least_1_plus_1,advised,42,226,countermovementDepth,True,dz,30,0.16290577743638313,-0.1342190573719798,0.46003061224474606,uncalibrated,0.16483210957388383,,,,-0.3154219497941958,0.754004962981355,-1.2943785155501684,2.220535779592034,0.5666666666666667,,,
A,at_least_1_plus_1,advised,42,226,trunkLean,True,delta,42,1.3310829884459738,-0.258765504921846,2.9209314818137937,95% CI,1.4592148521679853,-0.06233032160434959,2.8402841595124286,95.6% exact interval,-2.408716244290332,4.7948918677227645,-12.095300573623376,14.825032531278893,0.6428571428571429,,,
A,at_least_1_plus_1,advised,42,226,trunkLean,True,dz,30,0.5580170414988814,0.1822094565055683,0.9338246264921946,uncalibrated,0.5367223673285535,,,,-0.04907779724407707,1.590830396072407,-1.192261895040466,2.2334949650176243,0.7333333333333333,,,
A,at_least_1_plus_1,advised,42,226,landingKneeFlex,True,delta,42,0.46245595343253076,-1.6110232929378399,2.5359351998029016,95% CI,0.0432005717611581,-1.1649797525785033,1.764123261547681,95.6% exact interval,-2.907643990480171,3.2112913453754466,-21.427863885742454,25.17758559123508,0.5238095238095238,,,
A,at_least_1_plus_1,advised,42,226,landingKneeFlex,True,dz,30,0.0966621899217957,-0.28293824819912905,0.47626262804272046,uncalibrated,0.06415610184659497,,,,-0.5461370756510308,0.9210791587049694,-3.353084977045945,1.650969721757699,0.6,,,
A,at_least_1_plus_1,advised,42,226,rsiMod,True,delta,42,-0.018481820140009837,-0.03979388175460673,0.002830241474587058,95% CI,-0.024714431211823915,-0.050154904177766746,0.013118661669445641,95.6% exact interval,-0.06047269559663261,0.031000891261338023,-0.1718390299799456,0.10077268068976031,0.38095238095238093,,,
A,at_least_1_plus_1,advised,42,226,rsiMod,True,dz,30,-0.6294632778400966,-1.0807483811029648,-0.1781781745772284,uncalibrated,-0.834147721086812,,,,-1.3659611777601803,0.3964215024400938,-2.7722255958606383,1.8766357965163678,0.3333333333333333,,,
A,at_least_1_plus_1,advised,42,226,eccentricDuration,True,delta,42,-9.784028593329142e-05,-0.037724362058133606,0.03752868148626702,95% CI,0.0191374470097459,-0.008695834185465268,0.04297887932367028,95.6% exact interval,-0.026777646308181774,0.04684166994389559,-0.48923136555935165,0.35358935360147614,0.5952380952380952,,,
A,at_least_1_plus_1,advised,42,226,eccentricDuration,True,dz,30,0.22739179866412496,-0.22207508651829772,0.6768586838465476,uncalibrated,0.44480467285136105,,,,-0.5419287845161868,0.9661039213742191,-4.164171063094173,2.3334263853581816,0.6,,,
A,at_least_1_plus_1,advised,42,226,flightTime,False,delta,42,-0.009391534391534308,-0.022224939109642933,0.003441870326574316,95% CI,-0.013888888888888895,-0.022222222222222143,0.011111111111111294,95.6% exact interval,-0.0416666666666666,0.02222222222222231,-0.09999999999999976,0.08333333333333304,0.42857142857142855,,,
A,at_least_1_plus_1,advised,42,226,flightTime,False,dz,30,-0.23070003928921906,-0.5639937708027816,0.10259369222434339,uncalibrated,-0.32880047367449233,,,,-0.8120417827307254,0.42974349484710705,-2.430555555555546,1.7596445186299376,0.4,,,
A,at_least_1_plus_1,advised,42,226,concentricDuration,False,delta,42,0.008994708994708934,-0.004754251130391289,0.022743669119809157,95% CI,5.551115123125783e-17,-8.326672684688674e-17,0.01111111111111121,95.6% exact interval,-0.011111111111111266,0.02222222222222235,-0.08888888888888888,0.17777777777777792,0.5238095238095238,,,
A,at_least_1_plus_1,advised,42,226,concentricDuration,False,dz,30,0.36116199854806047,0.05477155732879929,0.6675524397673216,uncalibrated,0.2637059199606874,,,,0.0,0.7241782454247077,-1.661784615190571,2.7340477506664262,0.6333333333333333,,,
A,at_least_1_plus_1,advised,42,226,asymmetry,False,delta,42,0.09037236881342398,-0.89906468221856,1.079809419845408,95% CI,-0.08261447937919764,-0.9735713990752068,1.242859785925475,95.6% exact interval,-1.6144316081606296,1.410322283651385,-12.65904579369419,6.573232443803235,0.5,,,
A,at_least_1_plus_1,advised,42,226,asymmetry,False,dz,30,-0.025481160920136855,-0.37878318107834935,0.32782085923807563,uncalibrated,-0.1952178342888983,,,,-0.6948321457491755,0.6700595755540928,-1.8063189647649385,1.839684289772319,0.4666666666666667,,,
A,side_3_plus_3,side,24,144,jumpHeight,True,delta,24,-0.005824719158563103,-0.011009990479592346,-0.0006394478375338587,95% CI,-0.0022736661113331447,-0.013011922249853147,0.003473160252186802,97.7% exact interval,-0.014018711184946145,0.003590844618609007,-0.035415907978679884,0.010483604884324538,0.4166666666666667,,,
A,side_3_plus_3,side,24,144,jumpHeight,True,dz,24,-0.33449125586136425,-0.6397180144328485,-0.02926449728988001,95% CI,-0.12625587617319373,,,,-0.7899763544470881,0.1800187154742619,-2.355370584597817,0.6042437199426011,0.4166666666666667,,,
A,side_3_plus_3,side,24,144,countermovementDepth,True,delta,24,0.0007468487252787632,-0.007139173764659542,0.008632871215217068,95% CI,0.00016727878144956465,-0.010574601564554947,0.01163975961953767,97.7% exact interval,-0.010996847288861362,0.011773137088918577,-0.040844640671529014,0.04262181991836078,0.5,,,
A,side_3_plus_3,side,24,144,countermovementDepth,True,dz,24,0.028563768239562377,-0.26627183746052263,0.32339937393964735,95% CI,0.007892607844784134,,,,-0.47798513346615423,0.576513477547922,-1.3083264788005606,1.1939962385030687,0.5,,,
A,side_3_plus_3,side,24,144,trunkLean,True,delta,24,0.7035792641517533,-0.7673468442759146,2.1745053725794214,95% CI,1.3083096027175216,-0.8507931675036815,2.427501233906497,97.7% exact interval,-0.9140689135355125,2.4709611214909106,-7.104601436749384,6.902441145116377,0.6666666666666666,,,
A,side_3_plus_3,side,24,144,trunkLean,True,dz,24,0.27172403411807644,-0.10991194750715416,0.653360015743307,95% CI,0.38757474497956285,,,,-0.26912451425889455,0.8318115173180245,-1.428284911239977,1.7051112102528319,0.6666666666666666,,,
A,side_3_plus_3,side,24,144,landingKneeFlex,True,delta,24,-0.30232325606687144,-2.1949901096750275,1.5903435975412847,95% CI,-0.7979996833346092,-3.1436593920764153,2.1355102765830196,97.7% exact interval,-3.214203058813929,2.173982058255394,-8.428368831056133,10.698226863844894,0.4166666666666667,,,
A,side_3_plus_3,side,24,144,landingKneeFlex,True,dz,24,-0.12127151818206784,-0.5179071734808588,0.27536413711672314,95% CI,-0.23019262603729057,,,,-0.7976004223467102,0.5461130127710139,-1.69276663078202,1.6821629133620544,0.4166666666666667,,,
A,side_3_plus_3,side,24,144,rsiMod,True,delta,24,-0.016751448383903342,-0.04255369588882854,0.009050799121021854,95% CI,-0.0300281826383354,-0.05768031777957,0.02877761059441708,97.7% exact interval,-0.05780015710248182,0.030045943285541055,-0.1506919288963442,0.1049218805624973,0.375,,,
A,side_3_plus_3,side,24,144,rsiMod,True,dz,24,-0.6070455796293276,-1.1799701778694565,-0.034120981389198723,95% CI,-0.7235132193533075,,,,-1.3238665696505398,0.44816202036033975,-3.3213946865450508,1.90380615398914,0.375,,,
A,side_3_plus_3,side,24,144,eccentricDuration,True,delta,24,0.004703414999769497,-0.05439747307044076,0.06380430306997975,95% CI,0.020935988185054266,-0.015390296136540804,0.0507212104412087,97.7% exact interval,-0.018227651914098017,0.05074562511020275,-0.4893033226026092,0.34210285953253294,0.5833333333333334,,,
A,side_3_plus_3,side,24,144,eccentricDuration,True,dz,24,0.17658821836748007,-0.36997682386944064,0.7231532606044008,95% CI,0.38897895826194673,,,,-0.3819605359973896,0.9013023668468838,-4.1660185731663235,2.632843718981773,0.5833333333333334,,,
A,side_3_plus_3,side,24,144,flightTime,False,delta,24,-0.015277777777777788,-0.028678306057236022,-0.0018772494983195533,95% CI,-0.016666666666666774,-0.033333333333333215,2.220446049250313e-16,97.7% exact interval,-0.03333333333333327,0.0027777777777779067,-0.07777777777777783,0.04444444444444451,0.2916666666666667,,,
A,side_3_plus_3,side,24,144,flightTime,False,dz,24,-0.3437384363405129,-0.6468289427382309,-0.04064792994279487,95% CI,-0.3148769151724393,,,,-0.8167128231519318,0.06491335104015279,-1.6666666666666612,0.99419918206052,0.2916666666666667,,,
A,side_3_plus_3,side,24,144,concentricDuration,False,delta,24,0.019444444444444393,-0.0013662157884083703,0.040255104677297156,95% CI,0.016666666666666552,-0.011111111111111072,0.033333333333333354,97.7% exact interval,-0.011111111111111106,0.03333333333333337,-0.0777777777777778,0.16666666666666674,0.5833333333333334,,,
A,side_3_plus_3,side,24,144,concentricDuration,False,dz,24,0.47970232682507924,0.049718290261760445,0.909686363388398,95% CI,0.46177333962562794,,,,-0.2759226760964128,0.8394191219676003,-1.3161291521219327,3.464101615137745,0.5833333333333334,,,
A,side_3_plus_3,side,24,144,asymmetry,False,delta,24,0.24124840727988386,-0.1974711457067633,0.6799679602665311,95% CI,0.11696699178341657,-0.3740328542541249,0.8236056917101326,97.7% exact interval,-0.4085647948979604,0.8503896851188806,-1.6241822185039325,3.085989836430106,0.5416666666666666,,,
A,side_3_plus_3,side,24,144,asymmetry,False,dz,24,0.10519910974615916,-0.08711008514860986,0.2975083046409282,95% CI,0.05848349589170829,,,,-0.20002700684777305,0.4251948425594403,-0.7250550377510092,1.0133792440235831,0.5416666666666666,,,
