path,sample,view,participants,jumps,score,rank_n,rank_mean,rank_mean_interval_lo,rank_mean_interval_hi,rank_mean_interval_label,rank_median,rank_median_interval_lo,rank_median_interval_hi,rank_median_interval_label,rank_q25,rank_q75,rank_min,rank_max,rank_share_above_zero,rank1_count,rank1_of,rank1_share,rank1_interval_lo,rank1_interval_hi,rank1_interval_label,true_split_score_n,true_split_score_mean,true_split_score_mean_interval_lo,true_split_score_mean_interval_hi,true_split_score_mean_interval_label,true_split_score_median,true_split_score_median_interval_lo,true_split_score_median_interval_hi,true_split_score_median_interval_label,true_split_score_q25,true_split_score_q75,true_split_score_min,true_split_score_max,true_split_score_share_above_zero,true_minus_median_of_20_n,true_minus_median_of_20_mean,true_minus_median_of_20_mean_interval_lo,true_minus_median_of_20_mean_interval_hi,true_minus_median_of_20_mean_interval_label,true_minus_median_of_20_median,true_minus_median_of_20_median_interval_lo,true_minus_median_of_20_median_interval_hi,true_minus_median_of_20_median_interval_label,true_minus_median_of_20_q25,true_minus_median_of_20_q75,true_minus_median_of_20_min,true_minus_median_of_20_max,true_minus_median_of_20_share_above_zero
B,primary,advised,38,228,S0,38,7.552631578947368,5.550070714612996,9.55519244328174,95% CI,5.5,3.0,11.0,96.6% exact interval,2.0,12.75,1.0,20.0,1.0,7,38,0.18421052631578946,0.09221765185221271,0.334188580711314,95% CI,38,1.328793286875487,1.18423354044726,1.4733530333037141,95% CI,1.2601687499029939,,,,1.0227236102764206,1.6204280282691288,0.6632225077488457,2.4461884332634085,1.0,38,0.1959324422763772,,,,0.15747510055444813,,,,-0.087414109249874,0.46935993441143087,-0.5949606704417844,1.272510527652746,0.631578947368421
B,primary,advised,38,228,S-P2,38,7.526315789473684,5.6362133115841955,9.416418267363174,95% CI,6.0,3.0,11.0,96.6% exact interval,2.25,12.75,1.0,20.0,1.0,7,38,0.18421052631578946,0.09221765185221271,0.334188580711314,95% CI,38,1.3418660522275354,1.1907309024283292,1.4930012020267416,95% CI,1.2611096154551336,,,,1.0329271792049923,1.6703344137982399,0.68178698672885,2.5231959156069883,1.0,38,0.2109648731994287,,,,0.16481125344455605,,,,-0.05300951872403506,0.516611434335544,-0.6200869208259779,1.3811837374307183,0.6578947368421053
B,primary,advised,38,228,S-P3,38,7.7105263157894735,5.6902396094935455,9.730813022085401,95% CI,6.0,3.0,11.0,96.6% exact interval,2.0,12.75,1.0,20.0,1.0,6,38,0.15789473684210525,0.07443863415158927,0.3041681177922313,95% CI,38,1.3297604799600786,1.1765931388205075,1.4829278210996497,95% CI,1.2978411504573655,,,,0.9315204335479377,1.6390604214138467,0.6851862062178657,2.428730780132332,1.0,38,0.20541002455827506,,,,0.18683114919752908,,,,-0.08006409328510494,0.44800495258404077,-0.6066730967857218,1.2768779259620566,0.6578947368421053
B,primary,advised,38,228,S-P2P3,38,7.421052631578948,5.4989416215683535,9.343163641589543,95% CI,6.0,2.0,12.0,96.6% exact interval,2.0,12.0,1.0,20.0,1.0,7,38,0.18421052631578946,0.09221765185221271,0.334188580711314,95% CI,38,1.3444804737940104,1.1837521664099986,1.5052087811780221,95% CI,1.3059787853359937,,,,0.9323680069029564,1.7083986191489244,0.706743228164775,2.509900002625368,1.0,38,0.22122890593872113,,,,0.1905733534739097,,,,-0.05023784292316172,0.5648717978914444,-0.6342854965415353,1.390289031508125,0.6578947368421053
B,primary,advised,38,228,S-valid,38,7.552631578947368,5.685907651320045,9.419355506574691,95% CI,7.0,2.0,11.0,96.6% exact interval,2.0,12.0,1.0,20.0,1.0,7,38,0.18421052631578946,0.09221765185221271,0.334188580711314,95% CI,38,1.3473201776429857,1.181251628307313,1.5133887269786586,95% CI,1.2930992239393853,,,,0.9501504151548988,1.6142585758553394,0.6861062168935653,2.5433371643124993,1.0,38,0.22648646622690324,,,,0.12572182814228727,,,,-0.0361310109601041,0.503092703470079,-0.5985332605497583,1.3867016634610874,0.6578947368421053
B,same_participants,advised,30,180,S0,30,7.833333333333333,5.520909752701607,10.145756913965059,95% CI,6.0,3.0,11.0,95.7% exact interval,2.25,13.75,1.0,20.0,1.0,5,30,0.16666666666666666,0.0733654237184855,0.3356435050641603,95% CI,30,1.3001717964215653,1.1517599326697425,1.4485836601733881,95% CI,1.1731332630419442,,,,1.0227236102764206,1.6204280282691288,0.7006840981860432,2.115526992839312,1.0,30,0.15836994539115165,,,,0.13141615271862195,,,,-0.11187614509784732,0.46935993441143087,-0.5949606704417844,0.8861011861390571,0.6
B,same_participants,advised,30,180,S-P2,30,7.733333333333333,5.516772941400151,9.949893725266516,95% CI,6.0,3.0,12.0,95.7% exact interval,2.25,13.0,1.0,20.0,1.0,5,30,0.16666666666666666,0.0733654237184855,0.3356435050641603,95% CI,30,1.3146583109916044,1.1559597904231191,1.4733568315600896,95% CI,1.2053889221157013,,,,1.0329271792049923,1.6703344137982399,0.6925717942563202,2.206363111948679,1.0,30,0.17594300096889046,,,,0.14903423527946535,,,,-0.09405191271790211,0.516611434335544,-0.6200869208259779,0.9442699217012296,0.6333333333333333
B,same_participants,advised,30,180,S-P3,30,8.1,5.745814942967374,10.454185057032625,95% CI,6.0,3.0,12.0,95.7% exact interval,2.0,13.5,1.0,20.0,1.0,4,30,0.13333333333333333,0.053096554840547455,0.296813266820363,approximate interval (calibrated coverage 93%),30,1.2937094474046034,1.132946179108781,1.4544727157004258,95% CI,1.2005495417820624,,,,0.9042292347258455,1.6390604214138467,0.7250123646842659,2.1522712529757135,1.0,30,0.15853560079255946,,,,0.12233984316775104,,,,-0.1435781398584511,0.44800495258404077,-0.6066730967857218,0.9023926486704157,0.6333333333333333
B,same_participants,advised,30,180,S-P2P3,30,7.866666666666666,5.590603169047956,10.142730164285377,95% CI,7.5,2.0,12.0,95.7% exact interval,2.0,12.0,1.0,20.0,1.0,5,30,0.16666666666666666,0.0733654237184855,0.3356435050641603,95% CI,30,1.3093623555252092,1.136912970405913,1.4818117406445053,95% CI,1.2056227881988952,,,,0.9144713214535733,1.7083986191489244,0.7189171568542938,2.2524298579731714,1.0,30,0.17416575542898077,,,,0.1328430311848512,,,,-0.1277106601178858,0.5640590460966938,-0.6342854965415353,0.9556779443782548,0.6333333333333333
B,same_participants,advised,30,180,S-valid,30,8.133333333333333,5.893468855831636,10.37319781083503,95% CI,7.5,2.0,12.0,95.7% exact interval,2.0,12.0,1.0,20.0,1.0,5,30,0.16666666666666666,0.0733654237184855,0.3356435050641603,95% CI,30,1.3060819068818421,1.1290938279833158,1.4830699857803684,95% CI,1.243381316610862,,,,0.933241838750116,1.6142585758553394,0.6861062168935653,2.357108239037644,1.0,30,0.17784927567144504,,,,0.09124015612342895,,,,-0.11265430347585481,0.4402357869490228,-0.5985332605497583,1.064029883134563,0.6
B,side_3_plus_3,side,37,222,S0,37,8.0,5.985655947395935,10.014344052604065,95% CI,6.0,4.0,10.0,95.3% exact interval,2.0,12.0,1.0,20.0,1.0,6,37,0.16216216216216217,0.07651207234011151,0.3113648370093497,95% CI,37,1.2858881005071021,1.1453305887715053,1.426445612242699,95% CI,1.2369156699739252,,,,1.0049487181762338,1.541667122262903,0.5455004898794443,2.0828593907260373,1.0,37,0.1557626480176682,,,,0.11243758717175656,,,,-0.05215270973628505,0.3544320137907555,-0.6186032859672682,1.0055065098333702,0.6756756756756757
B,side_3_plus_3,side,37,222,S-P2,37,7.594594594594595,5.660874989983036,9.528314199206154,95% CI,7.0,3.0,10.0,95.3% exact interval,2.0,12.0,1.0,20.0,1.0,5,37,0.13513513513513514,0.059132944257320186,0.2797741178400979,95% CI,37,1.3023319608624566,1.1529359319397765,1.4517279897851367,95% CI,1.2241866943380497,,,,0.9921242791072155,1.5821322371888427,0.5620355402274058,2.1722928341869143,1.0,37,0.1853841786646842,,,,0.12957302245377167,,,,-0.020806279648670323,0.38896386027609453,-0.5952574912921025,1.0663679651031694,0.7027027027027027
B,side_3_plus_3,side,37,222,S-P3,37,8.324324324324325,6.258435361550579,10.39021328709807,95% CI,6.0,4.0,11.0,95.3% exact interval,2.0,13.0,1.0,20.0,1.0,5,37,0.13513513513513514,0.059132944257320186,0.2797741178400979,95% CI,37,1.3064034313129702,1.1568203515615545,1.455986511064386,95% CI,1.2370483250920046,,,,0.9856019455041202,1.5757644481529562,0.5476683166517754,2.1509078721922488,1.0,37,0.16447517190585517,,,,0.13002282582761882,,,,-0.11121329659730184,0.39785210122347103,-0.6466682628402997,1.050611823038654,0.6486486486486487
B,side_3_plus_3,side,37,222,S-P2P3,37,7.864864864864865,5.918883669039508,9.810846060690222,95% CI,7.0,3.0,10.0,95.3% exact interval,3.0,12.0,1.0,20.0,1.0,5,37,0.13513513513513514,0.059132944257320186,0.2797741178400979,95% CI,37,1.3253834646016756,1.165847007987372,1.4849199212159792,95% CI,1.239857517464621,,,,0.9491532140567097,1.622021777625329,0.564020820246179,2.2510030305785222,1.0,37,0.19481398102538752,,,,0.12684544905463657,,,,-0.040550813093012006,0.40013943009018793,-0.6122834823326754,1.1167966945236103,0.6756756756756757
B,side_3_plus_3,side,37,222,S-valid,37,7.837837837837838,5.939487233096756,9.73618844257892,95% CI,6.0,4.0,10.0,95.3% exact interval,2.0,12.0,1.0,20.0,1.0,3,37,0.08108108108108109,0.02796057410044797,0.2130067934928839,95% CI,37,1.3138760245289263,1.1537755856929648,1.4739764633648877,95% CI,1.193975378699909,,,,0.9413366991823963,1.5318589931890303,0.5086939772090995,2.3607091160367273,1.0,37,0.18863031352578832,,,,0.15633048753558998,,,,-0.0799441950207791,0.3229340396603113,-0.6370911967830902,1.1366322094391537,0.6756756756756757
A,primary,advised,30,180,S0,30,7.466666666666667,5.440963840267132,9.492369493066201,95% CI,6.0,3.0,11.0,95.7% exact interval,3.0,11.0,1.0,17.0,1.0,5,30,0.16666666666666666,0.0733654237184855,0.3356435050641603,95% CI,30,1.3202357019673387,1.1714755673145114,1.468995836620166,95% CI,1.1966753426186036,,,,1.019952379020762,1.6193021493330382,0.6450587791608354,2.1418276677459236,1.0,30,0.16913299194555445,,,,0.1597370798094251,,,,-0.01560473447385563,0.3988796840327741,-0.6738116569131257,1.0508274010399645,0.6333333333333333
A,primary,advised,30,180,S-P2,30,7.366666666666666,5.389611345938386,9.343721987394947,95% CI,6.0,3.0,10.0,95.7% exact interval,3.0,11.75,1.0,18.0,1.0,5,30,0.16666666666666666,0.0733654237184855,0.3356435050641603,95% CI,30,1.3171563343225274,1.1584928830216623,1.4758197856233926,95% CI,1.2069588400803266,,,,1.0211285347166768,1.644823190462623,0.6624786623267247,2.2268686632567802,1.0,30,0.18584573652939998,,,,0.13900690273707844,,,,-0.030663758458289336,0.4451781554118651,-0.6663005419403931,1.0986731278825508,0.7
A,primary,advised,30,180,S-P3,30,7.833333333333333,5.673572671544981,9.993093995121686,95% CI,6.0,3.0,11.0,95.7% exact interval,3.0,13.5,1.0,20.0,1.0,3,30,0.1,0.03459988874733419,0.25621082579184085,95% CI,30,1.3105511606170148,1.1498634409576265,1.4712388802764031,95% CI,1.1890775639175093,,,,0.9944837311428119,1.6276674811071599,0.6688100639317955,2.2166928560127697,1.0,30,0.16246789273916995,,,,0.13510151932592118,,,,-0.026414622346304234,0.35828966614953095,-0.6940230927990692,1.116319521177648,0.6
A,primary,advised,30,180,S-P2P3,30,7.766666666666667,5.616723487690793,9.91660984564254,95% CI,7.0,3.0,10.0,95.7% exact interval,3.0,12.5,1.0,20.0,1.0,3,30,0.1,0.03459988874733419,0.25621082579184085,95% CI,30,1.304286143560264,1.130889526885463,1.4776827602350648,95% CI,1.2088940604008958,,,,0.9443223376011236,1.6136806228377631,0.6819848406609957,2.3126102356665754,1.0,30,0.1856312125933666,,,,0.1318448697076149,,,,-0.04584633285703335,0.4694707624133864,-0.6880380706312735,1.168286945742342,0.7
A,primary,advised,30,180,S-valid,30,8.033333333333333,5.8928033916101885,10.173863275056478,95% CI,7.0,3.0,11.0,95.7% exact interval,2.25,11.75,1.0,20.0,1.0,4,30,0.13333333333333333,0.053096554840547455,0.296813266820363,95% CI,30,1.3131590110650315,1.1380417807735568,1.4882762413565063,95% CI,1.2277585085714446,,,,0.9475299497808465,1.6594465246915884,0.6313580964849451,2.192804590984981,1.0,30,0.1912696058301762,,,,0.10941683591339235,,,,-0.040227476085174296,0.5009568086771128,-0.6727367375438505,1.0489751235202587,0.6666666666666666
A,same_participants,advised,30,180,S0,30,7.466666666666667,5.440963840267132,9.492369493066201,95% CI,6.0,3.0,11.0,95.7% exact interval,3.0,11.0,1.0,17.0,1.0,5,30,0.16666666666666666,0.0733654237184855,0.3356435050641603,95% CI,30,1.3202357019673387,1.1714755673145114,1.468995836620166,95% CI,1.1966753426186036,,,,1.019952379020762,1.6193021493330382,0.6450587791608354,2.1418276677459236,1.0,30,0.16913299194555445,,,,0.1597370798094251,,,,-0.01560473447385563,0.3988796840327741,-0.6738116569131257,1.0508274010399645,0.6333333333333333
A,same_participants,advised,30,180,S-P2,30,7.366666666666666,5.389611345938386,9.343721987394947,95% CI,6.0,3.0,10.0,95.7% exact interval,3.0,11.75,1.0,18.0,1.0,5,30,0.16666666666666666,0.0733654237184855,0.3356435050641603,approximate interval (calibrated coverage 93%),30,1.3171563343225274,1.1584928830216623,1.4758197856233926,95% CI,1.2069588400803266,,,,1.0211285347166768,1.644823190462623,0.6624786623267247,2.2268686632567802,1.0,30,0.18584573652939998,,,,0.13900690273707844,,,,-0.030663758458289336,0.4451781554118651,-0.6663005419403931,1.0986731278825508,0.7
A,same_participants,advised,30,180,S-P3,30,7.833333333333333,5.673572671544981,9.993093995121686,95% CI,6.0,3.0,11.0,95.7% exact interval,3.0,13.5,1.0,20.0,1.0,3,30,0.1,0.03459988874733419,0.25621082579184085,approximate interval (calibrated coverage 93%),30,1.3105511606170148,1.1498634409576265,1.4712388802764031,95% CI,1.1890775639175093,,,,0.9944837311428119,1.6276674811071599,0.6688100639317955,2.2166928560127697,1.0,30,0.16246789273916995,,,,0.13510151932592118,,,,-0.026414622346304234,0.35828966614953095,-0.6940230927990692,1.116319521177648,0.6
A,same_participants,advised,30,180,S-P2P3,30,7.766666666666667,5.616723487690793,9.91660984564254,95% CI,7.0,3.0,10.0,95.7% exact interval,3.0,12.5,1.0,20.0,1.0,3,30,0.1,0.03459988874733419,0.25621082579184085,approximate interval (calibrated coverage 93%),30,1.304286143560264,1.130889526885463,1.4776827602350648,95% CI,1.2088940604008958,,,,0.9443223376011236,1.6136806228377631,0.6819848406609957,2.3126102356665754,1.0,30,0.1856312125933666,,,,0.1318448697076149,,,,-0.04584633285703335,0.4694707624133864,-0.6880380706312735,1.168286945742342,0.7
A,same_participants,advised,30,180,S-valid,30,8.033333333333333,5.8928033916101885,10.173863275056478,95% CI,7.0,3.0,11.0,95.7% exact interval,2.25,11.75,1.0,20.0,1.0,4,30,0.13333333333333333,0.053096554840547455,0.296813266820363,95% CI,30,1.3131590110650315,1.1380417807735568,1.4882762413565063,95% CI,1.2277585085714446,,,,0.9475299497808465,1.6594465246915884,0.6313580964849451,2.192804590984981,1.0,30,0.1912696058301762,,,,0.10941683591339235,,,,-0.040227476085174296,0.5009568086771128,-0.6727367375438505,1.0489751235202587,0.6666666666666666
A,side_3_plus_3,side,24,144,S0,24,8.916666666666666,6.163379596171135,11.669953737162198,95% CI,7.5,4.0,13.0,97.7% exact interval,3.75,13.25,1.0,20.0,1.0,3,24,0.125,0.04344334080123444,0.31003881270500067,95% CI,24,1.202659439029832,1.0199291467548763,1.3853897313047876,95% CI,1.0649703274086197,,,,0.8952872236305419,1.420569971753097,0.5577841555959612,2.0699780154166345,1.0,24,0.11123115642564456,,,,0.08842774682399834,,,,-0.16752564662758018,0.2500292020904596,-0.6088996453246623,1.029729088956842,0.625
A,side_3_plus_3,side,24,144,S-P2,24,8.833333333333334,6.149195375172617,11.51747129149405,95% CI,7.0,4.0,14.0,97.7% exact interval,4.0,14.0,1.0,20.0,1.0,4,24,0.16666666666666666,0.06678676328632951,0.3585307064969906,95% CI,24,1.2051650103104457,1.0130389783075615,1.3972910423133298,95% CI,1.0715974473258743,,,,0.9112350997654625,1.4087667801373378,0.5452354059770071,2.1521827507460016,1.0,24,0.13108392491111978,,,,0.10217560544490051,,,,-0.12714720406801383,0.2421251644328859,-0.5334495932202198,1.1346622047153998,0.625
A,side_3_plus_3,side,24,144,S-P3,24,9.041666666666666,6.306565738451913,11.77676759488142,95% CI,8.0,4.0,14.0,97.7% exact interval,3.75,14.0,1.0,20.0,1.0,3,24,0.125,0.04344334080123444,0.31003881270500067,95% CI,24,1.2282972883951735,1.033999116795863,1.422595459994484,95% CI,1.097692059779757,,,,0.9064246695583723,1.473390900804701,0.5539569571340293,2.1461132635813542,1.0,24,0.11322396067719774,,,,0.07394878509145364,,,,-0.18260865823606193,0.25996510088109603,-0.632714964202768,1.0743714157622712,0.625
A,side_3_plus_3,side,24,144,S-P2P3,24,8.833333333333334,6.204644680141718,11.462021986524949,95% CI,7.5,4.0,13.0,97.7% exact interval,4.0,13.25,1.0,20.0,1.0,4,24,0.16666666666666666,0.06678676328632951,0.3585307064969906,95% CI,24,1.2331405649243976,1.027868969693393,1.4384121601554023,95% CI,1.1060167570837711,,,,0.8644938467267487,1.4647281137128374,0.5386972999780159,2.2390224984216833,1.0,24,0.1370141365865978,,,,0.0880393062368483,,,,-0.15185212210192484,0.2582203821816507,-0.5570357996230116,1.1879607707819775,0.625
A,side_3_plus_3,side,24,144,S-valid,24,9.166666666666666,6.573609477325353,11.75972385600798,95% CI,8.5,4.0,13.0,97.7% exact interval,4.0,13.25,1.0,20.0,1.0,3,24,0.125,0.04344334080123444,0.31003881270500067,95% CI,24,1.2221988977854445,1.0207472805130275,1.4236505150578616,95% CI,1.0883055471047087,,,,0.885095197300962,1.465308452851128,0.49997287666511764,2.2247792170029967,1.0,24,0.11971112526369626,,,,0.06515384045431499,,,,-0.11996491828803219,0.23088375617183615,-0.5450612341733819,0.9616720791265738,0.5833333333333334
