path,sample,view,participants,jumps,subgroup,subgroup_participants,item,n,mean,mean_interval_lo,mean_interval_hi,mean_interval_label,median,median_interval_lo,median_interval_hi,median_interval_label,q25,q75,min,max,share_above_zero
B,primary,advised,38,228,group=control,20,jumpHeight dz,20,-0.2190474877898821,,,,-0.20891924888341584,,,,-0.5707305432129635,0.2627181208882543,-2.044202769794653,0.6890674603569292,0.4
B,primary,advised,38,228,group=control,20,countermovementDepth dz,20,0.08816994649625653,,,,0.08514014894001512,,,,-0.6899276408953313,0.7762418180548936,-1.712328896918765,1.971919212043821,0.5
B,primary,advised,38,228,group=control,20,trunkLean dz,20,0.7521676009663418,,,,0.8149518483398241,,,,0.020882139014413437,1.740330808420698,-1.497398599260432,3.915892361983243,0.75
B,primary,advised,38,228,group=control,20,landingKneeFlex dz,20,0.1014675673721116,,,,0.10239007637343579,,,,-0.7505186213012782,0.8358997207873498,-1.3728414201803654,1.865566441372293,0.5
B,primary,advised,38,228,group=control,20,rsiMod dz,20,-0.5676275691510619,,,,-0.7754314957709788,,,,-1.2655186537648222,0.545552401330196,-3.1237826252614225,1.907289255615293,0.35
B,primary,advised,38,228,group=control,20,eccentricDuration dz,20,0.16051016127483317,,,,0.2671992976796753,,,,-0.2949171233421531,0.7821609664675746,-5.126273235096077,2.8446844476751685,0.65
B,primary,advised,38,228,group=control,20,S0 personal true-split rank,20,6.6,,,,5.5,,,,1.75,11.0,1.0,20.0,1.0
B,primary,advised,38,228,group=ACL,18,jumpHeight dz,18,-0.46383913514302566,,,,-0.46445964723210204,,,,-1.1317700834565003,-0.056716568082040474,-1.8012583996040346,1.0201695511271849,0.2222222222222222
B,primary,advised,38,228,group=ACL,18,countermovementDepth dz,18,-0.11708488569850754,,,,0.04032138565264788,,,,-0.782769478410805,0.4948610888167635,-2.3264872524676767,1.8031566199293514,0.6111111111111112
B,primary,advised,38,228,group=ACL,18,trunkLean dz,18,0.235477513899179,,,,0.21303312388699466,,,,-0.5264900211590605,0.8197972222357379,-2.038143442201265,2.596569636055603,0.5555555555555556
B,primary,advised,38,228,group=ACL,18,landingKneeFlex dz,18,0.09212645921096586,,,,0.07948462486316553,,,,-0.6531085901751793,0.9155412651175281,-3.5355703126589173,3.037529368864754,0.6111111111111112
B,primary,advised,38,228,group=ACL,18,rsiMod dz,18,-0.5007359006740448,,,,-0.48455264251506325,,,,-1.4230591058186155,0.35786776957722966,-2.469794292934324,1.0230043982826573,0.3888888888888889
B,primary,advised,38,228,group=ACL,18,eccentricDuration dz,18,0.1281818958737264,,,,0.06012532684909616,,,,-0.29394368141027527,0.5481309095530037,-1.0422585312394643,1.8888327365928075,0.5555555555555556
B,primary,advised,38,228,group=ACL,18,S0 personal true-split rank,18,8.61111111111111,,,,6.5,,,,3.0,15.0,1.0,19.0,1.0
B,primary,advised,38,228,sex=female,22,jumpHeight dz,22,-0.2889381246734138,,,,-0.18410866570221918,,,,-0.6554698359836821,0.05340992650287651,-1.2829694984011335,0.5662225572967976,0.2727272727272727
B,primary,advised,38,228,sex=female,22,countermovementDepth dz,22,0.014936352879893162,,,,0.012849426931065,,,,-0.6482100717155483,0.38795022073878493,-1.1497751595162113,1.682848372160411,0.5454545454545454
B,primary,advised,38,228,sex=female,22,trunkLean dz,22,0.35697091905726724,,,,0.3656389094074811,,,,-0.4337409528674129,0.8705269593310447,-1.192261895040466,2.2334949650176243,0.6363636363636364
B,primary,advised,38,228,sex=female,22,landingKneeFlex dz,22,-0.07973056909489012,,,,0.11956801270331255,,,,-0.8148177514711177,0.7567599419379161,-3.5355703126589173,1.628010042024747,0.5454545454545454
B,primary,advised,38,228,sex=female,22,rsiMod dz,22,-0.6207056253889683,,,,-0.8630230899828807,,,,-1.3533540749712965,0.38707830972849816,-3.1237826252614225,1.907289255615293,0.36363636363636365
B,primary,advised,38,228,sex=female,22,eccentricDuration dz,22,0.14235328226488775,,,,0.21072688829259312,,,,-0.24384369632205516,0.6661319776411796,-5.126273235096077,2.8446844476751685,0.6363636363636364
B,primary,advised,38,228,sex=female,22,S0 personal true-split rank,22,8.0,,,,5.5,,,,2.25,14.0,1.0,19.0,1.0
B,primary,advised,38,228,sex=male,16,jumpHeight dz,16,-0.3983384653473124,,,,-0.4829146765889928,,,,-0.9408853578865084,0.33942917293757435,-2.044202769794653,1.0201695511271849,0.375
B,primary,advised,38,228,sex=male,16,countermovementDepth dz,16,-0.04204554850035337,,,,0.14958162532610664,,,,-0.881598336447267,0.7377937554067769,-2.3264872524676767,1.971919212043821,0.5625
B,primary,advised,38,228,sex=male,16,trunkLean dz,16,0.7142866906407611,,,,0.4750160051116403,,,,-0.3180739710476904,1.740330808420698,-2.038143442201265,3.915892361983243,0.6875
B,primary,advised,38,228,sex=male,16,landingKneeFlex dz,16,0.34010625833295005,,,,0.07397884703855549,,,,-0.3196884254100627,0.9791851099514974,-1.3728414201803654,3.037529368864754,0.5625
B,primary,advised,38,228,sex=male,16,rsiMod dz,16,-0.4193921147872962,,,,-0.46611277159804027,,,,-1.3001907461012785,0.37494400473945055,-2.4047730132297844,1.7844303195522049,0.375
B,primary,advised,38,228,sex=male,16,eccentricDuration dz,16,0.14910657133726307,,,,0.08200641090153675,,,,-0.4855175488953466,0.633946652286033,-1.1270167841470544,2.321324260563983,0.5625
B,primary,advised,38,228,sex=male,16,S0 personal true-split rank,16,6.9375,,,,5.5,,,,2.0,11.0,1.0,20.0,1.0
A,primary,advised,30,180,group=control,16,jumpHeight dz,16,-0.41031490640801616,,,,-0.31815291286324554,,,,-0.6735348068531929,-0.011501487189408195,-2.342273338117751,0.43512847452959236,0.25
A,primary,advised,30,180,group=control,16,countermovementDepth dz,16,0.1469511201240996,,,,0.04607325208184298,,,,-0.5467103857094973,0.6978862795952538,-1.2943785155501684,2.220535779592034,0.5
A,primary,advised,30,180,group=control,16,trunkLean dz,16,0.741753451764779,,,,0.8149518483398241,,,,0.18853710518326547,1.740330808420698,-1.192261895040466,2.2334949650176243,0.8125
A,primary,advised,30,180,group=control,16,landingKneeFlex dz,16,0.24918693520301416,,,,0.2792297002068021,,,,-0.2903084519092296,0.9415221764214832,-1.0972923011753535,1.2796114940635064,0.625
A,primary,advised,30,180,group=control,16,rsiMod dz,16,-0.778757567735599,,,,-0.9199458531831842,,,,-1.7446127725951062,-0.14876453699512496,-2.7722255958606383,1.8766357965163678,0.25
A,primary,advised,30,180,group=control,16,eccentricDuration dz,16,0.2518356241447386,,,,0.525589944001009,,,,-0.1877756476923261,0.8495032237690209,-4.164171063094173,2.3334263853581816,0.6875
A,primary,advised,30,180,group=control,16,S0 personal true-split rank,16,6.0625,,,,5.5,,,,2.5,8.0,1.0,17.0,1.0
A,primary,advised,30,180,group=ACL,14,jumpHeight dz,14,-0.4251527259842356,,,,-0.29091468371018475,,,,-1.115546281037319,0.0379353178576693,-1.3095908204529256,0.5790407176694687,0.2857142857142857
A,primary,advised,30,180,group=ACL,14,countermovementDepth dz,14,0.1811396715075644,,,,0.16483210957388383,,,,-0.1559177893790466,0.754004962981355,-1.0374128192561995,1.075927618661611,0.6428571428571429
A,primary,advised,30,180,group=ACL,14,trunkLean dz,14,0.3480325726235696,,,,0.32889023371437565,,,,-0.20212673630779374,0.8197972222357379,-1.18266111164718,1.8783284814027361,0.6428571428571429
A,primary,advised,30,180,group=ACL,14,landingKneeFlex dz,14,-0.07765180468531117,,,,0.019136035860816723,,,,-0.5737234117232836,0.7745736099943108,-3.353084977045945,1.650969721757699,0.5714285714285714
A,primary,advised,30,180,group=ACL,14,rsiMod dz,14,-0.4588412322452364,,,,-0.5859195690882872,,,,-1.2520507379902996,0.3964215024400938,-2.554375621548993,1.2317509471043773,0.42857142857142855
A,primary,advised,30,180,group=ACL,14,eccentricDuration dz,14,0.19945599811485223,,,,0.08150224379961657,,,,-0.5419287845161868,1.013108894832937,-0.8713513900577621,1.5349145883630981,0.5
A,primary,advised,30,180,group=ACL,14,S0 personal true-split rank,14,9.071428571428571,,,,10.5,,,,3.0,15.0,1.0,16.0,1.0
A,primary,advised,30,180,sex=female,21,jumpHeight dz,21,-0.3275686365337364,,,,-0.17798692225549667,,,,-0.7414489787051579,0.055486634180024356,-1.3095908204529256,0.5790407176694687,0.2857142857142857
A,primary,advised,30,180,sex=female,21,countermovementDepth dz,21,0.181912042586358,,,,0.028806202130878093,,,,-0.3443390078818414,0.6621666754125428,-1.0374128192561995,2.220535779592034,0.5238095238095238
A,primary,advised,30,180,sex=female,21,trunkLean dz,21,0.39594291387732705,,,,0.5404471817063462,,,,-0.3506408949776898,0.8768430077727696,-1.192261895040466,2.2334949650176243,0.6666666666666666
A,primary,advised,30,180,sex=female,21,landingKneeFlex dz,21,0.055277663658889656,,,,0.03325718462963057,,,,-0.5987405728037629,0.9580171739792175,-3.353084977045945,1.650969721757699,0.6190476190476191
A,primary,advised,30,180,sex=female,21,rsiMod dz,21,-0.6055221600793572,,,,-0.7587412713463944,,,,-1.2605303263224652,0.34422904253696746,-2.7722255958606383,1.8766357965163678,0.3333333333333333
A,primary,advised,30,180,sex=female,21,eccentricDuration dz,21,0.20907092792158335,,,,0.45018485769201105,,,,-0.29673360551995664,1.0713708928724621,-4.164171063094173,2.3334263853581816,0.6190476190476191
A,primary,advised,30,180,sex=female,21,S0 personal true-split rank,21,7.666666666666667,,,,6.0,,,,3.0,11.0,1.0,16.0,1.0
A,primary,advised,30,180,sex=male,9,jumpHeight dz,9,-0.6264705887887879,,,,-0.32753586915031796,,,,-0.9829301417502244,-0.3061518027052725,-2.342273338117751,0.393098550430662,0.2222222222222222
A,primary,advised,30,180,sex=male,9,countermovementDepth dz,9,0.11855782541977507,,,,0.2005301928585737,,,,-0.10838368869488775,0.7846177255042924,-1.2943785155501684,0.998789334507633,0.6666666666666666
A,primary,advised,30,180,sex=male,9,trunkLean dz,9,0.9361900059491745,,,,0.5329975529507608,,,,0.3993554034582455,1.7381276724021528,-0.22906316254597034,1.8323299923389864,0.8888888888888888
A,primary,advised,30,180,sex=male,9,landingKneeFlex dz,9,0.1932260845352431,,,,0.09505501906355937,,,,-0.18749774494438518,0.8762451031131623,-1.0972923011753535,1.2796114940635064,0.5555555555555556
A,primary,advised,30,180,sex=male,9,rsiMod dz,9,-0.685325885948488,,,,-0.9303375355391388,,,,-1.39782764724794,0.4653073560395076,-2.2252864702986304,0.9583096077845566,0.3333333333333333
A,primary,advised,30,180,sex=male,9,eccentricDuration dz,9,0.2701404970633889,,,,0.43942448801071105,,,,-0.6330704297400477,0.8383229007143611,-0.8260695957049197,1.7735010121637362,0.5555555555555556
A,primary,advised,30,180,sex=male,9,S0 personal true-split rank,9,7.0,,,,5.0,,,,3.0,11.0,1.0,17.0,1.0
