set,key,persons,reps_correct,reps_incorrect,person,n_correct,n_incorrect,personal_auc,population_auc
squat_primary,ex6_squat/oblique35,9,130,61,1,21,6,0.9523809523809523,0.47619047619047616
squat_primary,ex6_squat/oblique35,9,130,61,2,21,1,0.9047619047619048,0.9523809523809523
squat_primary,ex6_squat/oblique35,9,130,61,3,10,10,1.0,0.08
squat_primary,ex6_squat/oblique35,9,130,61,4,17,3,0.6666666666666666,0.8627450980392157
squat_primary,ex6_squat/oblique35,9,130,61,5,10,10,1.0,1.0
squat_primary,ex6_squat/oblique35,9,130,61,6,10,11,1.0,1.0
squat_primary,ex6_squat/oblique35,9,130,61,7,10,10,1.0,0.19
squat_primary,ex6_squat/oblique35,9,130,61,8,13,5,0.8153846153846154,0.09230769230769231
squat_primary,ex6_squat/oblique35,9,130,61,9,18,5,0.9444444444444444,0.9777777777777777
squat_without_person_2,ex6_squat/oblique35,8,109,60,1,21,6,0.9523809523809523,0.5555555555555556
squat_without_person_2,ex6_squat/oblique35,8,109,60,3,10,10,1.0,0.16
squat_without_person_2,ex6_squat/oblique35,8,109,60,4,17,3,0.6666666666666666,0.8627450980392157
squat_without_person_2,ex6_squat/oblique35,8,109,60,5,10,10,1.0,1.0
squat_without_person_2,ex6_squat/oblique35,8,109,60,6,10,11,1.0,1.0
squat_without_person_2,ex6_squat/oblique35,8,109,60,7,10,10,1.0,0.25
squat_without_person_2,ex6_squat/oblique35,8,109,60,8,13,5,0.8153846153846154,0.16923076923076924
squat_without_person_2,ex6_squat/oblique35,8,109,60,9,18,5,0.9444444444444444,0.9888888888888889
squat_side,ex6_squat/side,9,130,61,1,21,6,0.9365079365079365,0.4126984126984127
squat_side,ex6_squat/side,9,130,61,2,21,1,0.9523809523809523,0.9523809523809523
squat_side,ex6_squat/side,9,130,61,3,10,10,1.0,0.09
squat_side,ex6_squat/side,9,130,61,4,17,3,0.6274509803921569,0.7843137254901961
squat_side,ex6_squat/side,9,130,61,5,10,10,1.0,0.98
squat_side,ex6_squat/side,9,130,61,6,10,11,1.0,1.0
squat_side,ex6_squat/side,9,130,61,7,10,10,1.0,0.0
squat_side,ex6_squat/side,9,130,61,8,13,5,0.6923076923076923,0.6461538461538462
squat_side,ex6_squat/side,9,130,61,9,18,5,0.9222222222222223,0.9444444444444444
split_squat_side,ex5_lunge/side,5,53,53,2,10,10,0.83,0.59
split_squat_side,ex5_lunge/side,5,53,53,4,7,10,1.0,0.3142857142857143
split_squat_side,ex5_lunge/side,5,53,53,5,13,11,0.9790209790209791,0.8461538461538461
split_squat_side,ex5_lunge/side,5,53,53,6,10,10,0.83,0.74
split_squat_side,ex5_lunge/side,5,53,53,8,13,12,0.9294871794871795,0.24358974358974358
