set,key,persons,reps_correct,reps_incorrect,measurement,status,interpreted,n,mean,mean_interval_lo,mean_interval_hi,mean_interval_label,median,median_interval_lo,median_interval_hi,median_interval_label,q25,q75,min,max,share_above_zero
squat_primary,ex6_squat/oblique35,9,130,61,kneeRomL,passed,True,9,1.1470191020126084,0.8523858986628295,1.4416523053623873,95% CI,1.2295540178463575,0.8892565889798602,1.6079484205935883,96.1% exact interval,0.9547645358058603,1.3015321715960828,0.44499473768865194,1.6903854269602727,1.0
squat_primary,ex6_squat/oblique35,9,130,61,kneeRomR,not checked,False,9,1.1152673911649176,0.6861254412645199,1.5444093410653152,95% CI,0.9443969333645431,0.6493349042185216,1.6455680952997476,96.1% exact interval,0.7218482673137759,1.2594043829862378,0.585151254855591,2.2735858406289653,1.0
squat_primary,ex6_squat/oblique35,9,130,61,hipRom,passed,True,9,1.1794999129129162,0.9707945948962686,1.3882052309295638,95% CI,1.2278497312657344,0.9368307699151882,1.3914214176072779,96.1% exact interval,0.9386379285033256,1.314435044990341,0.8038661326184056,1.655889820347368,1.0
squat_primary,ex6_squat/oblique35,9,130,61,depth,passed,True,9,1.1077656448614739,0.5918620328802305,1.6236692568427173,95% CI,1.1266827024834056,0.5524523358329633,1.6916334887736557,96.1% exact interval,0.7806263793842447,1.449725953296662,-0.09883670741868288,2.2342855979479714,0.8888888888888888
squat_primary,ex6_squat/oblique35,9,130,61,trunkLean,passed,True,9,0.880716517486,0.19063671275604432,1.5707963222159558,95% CI,1.1995288753660012,0.252013863682806,1.595395435781943,96.1% exact interval,0.3190429635260474,1.578597548016663,-1.02796429750557,1.6736584576759033,0.8888888888888888
squat_primary,ex6_squat/oblique35,9,130,61,repDuration,failed,False,9,-0.6272391115427776,-1.3106494093838488,0.05617118629829354,95% CI,-0.9624794504020544,-1.4570340116414227,0.4058372935847455,96.1% exact interval,-1.450407718051444,0.10850856169879501,-1.518791339470809,0.8870825110773899,0.3333333333333333
squat_primary,ex6_squat/oblique35,9,130,61,eccentricDuration,not checked,False,9,-0.587853710879503,-1.2285882336320109,0.05288081187300475,95% CI,-0.9168873104344093,-1.2897145187078176,0.3879965329256843,96.1% exact interval,-1.2809390573185384,0.33972354979873715,-1.4592107480792864,0.6989392864734916,0.3333333333333333
squat_primary,ex6_squat/oblique35,9,130,61,concentricDuration,not checked,False,9,-0.4741437722298514,-1.0834223183597855,0.13513477390008277,95% CI,-0.23521628374422554,-1.495364623099284,0.12715595004114677,96.1% exact interval,-1.2335362801282561,-0.0864272656140563,-1.4955741754704617,0.8200797602366917,0.2222222222222222
squat_primary,ex6_squat/oblique35,9,130,61,peakVelocity,not checked,False,9,1.3580004073186933,1.1840649293121024,1.5319358853252842,95% CI,1.425792190209174,1.1430677491291574,1.553895349685642,96.1% exact interval,1.3705853884900663,1.4738222194738697,0.8496611920225401,1.5568891817676083,1.0
squat_primary,ex6_squat/oblique35,9,130,61,asymmetry,failed,False,9,-0.2722229342350694,-1.0084151366260539,0.4639692681559151,95% CI,-0.35534004279162607,-1.3867335007850896,0.9360722442106159,96.1% exact interval,-1.0674393640178264,0.43094518829348244,-1.4463239841272317,0.9649649737595825,0.4444444444444444
squat_without_person_2,ex6_squat/oblique35,8,109,60,kneeRomL,passed,True,8,1.0894029371899863,0.7836366542973379,1.3951692200826347,95% CI,1.0981792737300782,0.44499473768865194,1.6903854269602727,99.2% exact interval,0.9383875490993603,1.253831659670774,0.44499473768865194,1.6903854269602727,1.0
squat_without_person_2,ex6_squat/oblique35,8,109,60,kneeRomR,not checked,False,8,0.9704775849819118,0.657011335590735,1.2839438343730887,95% CI,0.833941278075845,0.585151254855591,1.6455680952997476,99.2% exact interval,0.7037199265399623,1.2408245100188575,0.585151254855591,1.6455680952997476,1.0
squat_without_person_2,ex6_squat/oblique35,8,109,60,hipRom,passed,True,8,1.1626330214032383,0.9242189521985391,1.4010470906079375,95% CI,1.1304942983744692,0.8038661326184056,1.655889820347368,99.2% exact interval,0.9381861388562913,1.332927483515871,0.8038661326184056,1.655889820347368,1.0
squat_without_person_2,ex6_squat/oblique35,8,109,60,depth,passed,True,8,0.9669506507256616,0.5008277375925458,1.4330735638587773,95% CI,1.0966142916431028,-0.09883670741868288,1.6916334887736557,99.2% exact interval,0.7235828684964244,1.2375128678118488,-0.09883670741868288,1.6916334887736557,0.875
squat_without_person_2,ex6_squat/oblique35,8,109,60,trunkLean,passed,True,8,0.9509257117309942,0.170952983690156,1.7308984397718323,95% CI,1.3421663050158308,-1.02796429750557,1.6736584576759033,99.2% exact interval,0.7015325230441114,1.582797019957983,-1.02796429750557,1.6736584576759033,0.875
squat_without_person_2,ex6_squat/oblique35,8,109,60,repDuration,failed,False,8,-0.585334069185368,-1.371963661601582,0.20129552323084587,95% CI,-0.8289339253400994,-1.518791339470809,0.8870825110773899,99.2% exact interval,-1.4520642914489388,0.18284074467028263,-1.518791339470809,0.8870825110773899,0.375
squat_without_person_2,ex6_squat/oblique35,8,109,60,eccentricDuration,not checked,False,8,-0.5268453942584106,-1.2536586882077911,0.19996789969096995,95% CI,-0.8057790995797773,-1.4592107480792864,0.6989392864734916,99.2% exact interval,-1.283132922665858,0.3517917955804739,-1.4592107480792864,0.6989392864734916,0.375
squat_without_person_2,ex6_squat/oblique35,8,109,60,concentricDuration,not checked,False,8,-0.5040097082905547,-1.2078882648268245,0.19986884824571527,95% CI,-0.3342055161451087,-1.4955741754704617,0.8200797602366917,99.2% exact interval,-1.298993365871013,-0.03303146170025553,-1.4955741754704617,0.8200797602366917,0.25
squat_without_person_2,ex6_squat/oblique35,8,109,60,peakVelocity,not checked,False,8,1.3508903555961775,1.1495530052345035,1.5522277059578515,95% CI,1.4296008821002677,0.8496611920225401,1.5568891817676083,99.2% exact interval,1.313705978649839,1.4938405020268128,0.8496611920225401,1.5568891817676083,1.0
squat_without_person_2,ex6_squat/oblique35,8,109,60,asymmetry,failed,False,8,-0.1329091134163169,-0.9030918741809761,0.6372736473483422,95% CI,-0.03691690850247922,-1.4463239841272317,0.9649649737595825,99.2% exact interval,-0.8726034523376061,0.5572269522727658,-1.4463239841272317,0.9649649737595825,0.5
squat_side,ex6_squat/side,9,130,61,kneeRomL,passed,True,9,1.0070543726488477,0.36215407684799816,1.6519546684496973,95% CI,0.8608142488036061,0.152399856530496,1.526410426945245,96.1% exact interval,0.5131996761295211,1.4173072383376406,-0.10614377237746965,2.711927414415461,0.8888888888888888
squat_side,ex6_squat/side,9,130,61,kneeRomR,not checked,False,9,1.1007684222484848,0.539421498832304,1.6621153456646658,95% CI,0.9676612774092972,0.5300237403304309,1.5243697996147898,96.1% exact interval,0.5980325215160489,1.2618934057243414,0.26537091217158626,2.75743180593858,1.0
squat_side,ex6_squat/side,9,130,61,hipRom,passed,True,9,1.0184630715001892,0.5912767912957915,1.445649351704587,95% CI,1.2040339479489983,0.6514327049520963,1.4220251683186877,96.1% exact interval,0.6587119016143442,1.3126854466274682,-0.1545322695095588,1.703722025536308,0.8888888888888888
squat_side,ex6_squat/side,9,130,61,depth,passed,True,9,1.090041072484384,0.5465874484112335,1.6334946965575345,95% CI,1.0884803278437687,0.5628291249719252,1.6803500987296414,96.1% exact interval,0.7412414163201291,1.4744465734901286,-0.19963855371097558,2.2895990374913957,0.8888888888888888
squat_side,ex6_squat/side,9,130,61,trunkLean,passed,True,9,0.8520955515067021,0.1301236720860156,1.5740674309273888,95% CI,1.2025095634004173,0.15288144463480727,1.639410968057323,96.1% exact interval,0.2990704081162845,1.5630975096433088,-1.1276044375381875,1.6718732269312837,0.8888888888888888
squat_side,ex6_squat/side,9,130,61,repDuration,failed,False,9,-0.6272617569553594,-1.3089301066546635,0.05440659274394466,95% CI,-0.9835813316777567,-1.4537531484562298,0.4164171204696337,96.1% exact interval,-1.4450239371809355,0.09834659080114082,-1.5077987021164532,0.8858061945089768,0.3333333333333333
squat_side,ex6_squat/side,9,130,61,eccentricDuration,not checked,False,9,-0.5785407188543572,-1.2176534764364995,0.06057203872778516,95% CI,-0.8306007300580293,-1.2913306076907778,0.3873213254969429,96.1% exact interval,-1.281721386392213,0.33496750075527204,-1.4731949486286489,0.7064538884707613,0.3333333333333333
squat_side,ex6_squat/side,9,130,61,concentricDuration,not checked,False,9,-0.4638632031061194,-1.0651255735252958,0.1373991673130569,95% CI,-0.2629217208250303,-1.4727736453179496,0.15690380579466517,96.1% exact interval,-1.2020883290096822,-0.10364771046452674,-1.4806381826327184,0.8176810174827617,0.2222222222222222
squat_side,ex6_squat/side,9,130,61,peakVelocity,not checked,False,9,1.2725943421878194,1.0732452454891768,1.471943438886462,95% CI,1.3499806323102204,1.076842440797206,1.5188474457209005,96.1% exact interval,1.0852675952373285,1.4570054670806325,0.7418211976724143,1.5301371521957174,1.0
squat_side,ex6_squat/side,9,130,61,asymmetry,failed,False,9,0.13937640359514405,-0.2697220861310833,0.5484748933213713,95% CI,0.01833689869764399,-0.34865473781581513,0.591313359838691,96.1% exact interval,-0.3273179762240952,0.5477632863516064,-0.4389466860582675,1.1698204800521468,0.6666666666666666
split_squat_side,ex5_lunge/side,5,53,53,kneeRomL,failed or not checked,False,5,0.6262575378798994,-0.3973075509215882,1.649822626681387,95% CI,0.9562071846529654,-0.7965528413700816,1.1992520066440875,93.8% exact interval,0.6397164501011199,1.1326648893714053,-0.7965528413700816,1.1992520066440875,0.8
split_squat_side,ex5_lunge/side,5,53,53,kneeRomR,failed or not checked,False,5,0.7816517188930373,-0.21661948942665432,1.7799229272127288,95% CI,1.1594823130107978,-0.16469931416388697,1.4628360937777876,93.8% exact interval,-0.008448264540996927,1.4590877663814852,-0.16469931416388697,1.4628360937777876,0.6
split_squat_side,ex5_lunge/side,5,53,53,hipRom,failed or not checked,False,5,-0.9410949455544715,-1.6124176724725117,-0.2697722186364312,95% CI,-1.0309739066650871,-1.7102243133201744,-0.3823980086207787,93.8% exact interval,-1.116819030754505,-0.4650594684118124,-1.7102243133201744,-0.3823980086207787,0.0
split_squat_side,ex5_lunge/side,5,53,53,depth,failed or not checked,False,5,1.009486219469282,0.2774652284772329,1.741507210461331,95% CI,1.161163625090416,0.3324863322927972,1.8316387377437362,93.8% exact interval,0.5537070367178885,1.1684353655015716,0.3324863322927972,1.8316387377437362,1.0
split_squat_side,ex5_lunge/side,5,53,53,stepLength,failed or not checked,False,5,-0.9874855428204642,-1.7781398507598143,-0.1968312348811141,95% CI,-1.2046542422780422,-1.5629257943317696,-0.11612988212320761,93.8% exact interval,-1.5173937498250991,-0.5363240455442029,-1.5629257943317696,-0.11612988212320761,0.0
split_squat_side,ex5_lunge/side,5,53,53,trunkLean,passed,False,5,0.29076224879884005,-0.9519577220197927,1.5334822196174729,95% CI,0.7145040106363632,-1.3318353015363165,1.205525750163231,approximate interval (calibrated coverage 93%),0.03451194415378327,0.8311048405771393,-1.3318353015363165,1.205525750163231,0.8
split_squat_side,ex5_lunge/side,5,53,53,repDuration,failed or not checked,False,5,-0.07250078793569706,-1.519632188315335,1.3746306124439407,95% CI,-0.15924334843781887,-1.5152389589068689,1.4497923017392653,approximate interval (calibrated coverage 93%),-0.7854720503152485,0.6476581162421856,-1.5152389589068689,1.4497923017392653,0.4
split_squat_side,ex5_lunge/side,5,53,53,eccentricDuration,failed or not checked,False,5,-0.023656067170136463,-1.5961005845443932,1.5487884502041203,95% CI,-0.5686259346648547,-1.3783779768561544,1.4827365534550785,approximate interval (calibrated coverage 93%),-0.8109428248980687,1.156929847113317,-1.3783779768561544,1.4827365534550785,0.4
split_squat_side,ex5_lunge/side,5,53,53,concentricDuration,failed or not checked,False,5,-0.04437816223432698,-1.0749464326265912,0.9861901081579373,95% CI,0.23533265483181826,-0.8894388686853469,1.0548505096464114,93.8% exact interval,-0.8646477460345589,0.24201263907004128,-0.8894388686853469,1.0548505096464114,0.6
split_squat_side,ex5_lunge/side,5,53,53,recoveryVelocity,failed or not checked,False,5,1.0783836103985422,0.4935357096627859,1.6632315111342986,95% CI,1.3080324998810828,0.5060798047120804,1.4860959385705415,93.8% exact interval,0.6342595469322106,1.4574502618967962,0.5060798047120804,1.4860959385705415,1.0
split_squat_side,ex5_lunge/side,5,53,53,asymmetry,failed or not checked,False,5,-0.11573225722166905,-0.9925862299148643,0.7611217154715263,95% CI,-0.10728496579615054,-1.1073903341827926,0.8779495971727063,approximate interval (calibrated coverage 93%),-0.2303218321837339,-0.01161375111837442,-1.1073903341827926,0.8779495971727063,0.2
