set,key,persons,reps_correct,reps_incorrect,statistic,n,mean,mean_interval_lo,mean_interval_hi,mean_interval_label,median,median_interval_lo,median_interval_hi,median_interval_label,q25,q75,min,max,share_above_zero
squat_primary,ex6_squat/oblique35,9,130,61,"personal baseline, fold-paired (v2)",9,0.9204042870709537,0.8333549887857256,1.007453585356182,95% CI,0.9523809523809523,0.8153846153846154,1.0,96.1% exact interval,0.9047619047619048,1.0,0.6666666666666666,1.0,1.0
squat_primary,ex6_squat/oblique35,9,130,61,"population baseline, leave one person out",9,0.6257113329662349,0.30860036159312665,0.9428223043393432,95% CI,0.8627450980392157,0.09230769230769231,1.0,96.1% exact interval,0.19,0.9777777777777777,0.08,1.0,1.0
squat_primary,ex6_squat/oblique35,9,130,61,"personal minus population, per person",9,0.29469295410471885,,,,0.0,,,,-0.033333333333333326,0.7230769230769231,-0.1960784313725491,0.92,0.4444444444444444
squat_primary,ex6_squat/oblique35,9,130,61,"personal baseline, v1 fold-averaged (superseded, not interpreted)",9,0.8990192886271318,,,,0.9126984126984127,,,,0.8571428571428571,1.0,0.6470588235294118,1.0,1.0
squat_without_person_2,ex6_squat/oblique35,8,109,60,"personal baseline, fold-paired (v2)",8,0.9223595848595848,0.8212816907838488,1.0234374789353207,95% CI,0.9761904761904762,0.6666666666666666,1.0,99.2% exact interval,0.9121794871794872,1.0,0.6666666666666666,1.0,1.0
squat_without_person_2,ex6_squat/oblique35,8,109,60,"population baseline, leave one person out",8,0.6233025389643037,0.3011262924826559,0.9454787854459514,95% CI,0.7091503267973857,0.16,1.0,99.2% exact interval,0.22980769230769232,0.9916666666666667,0.16,1.0,1.0
squat_without_person_2,ex6_squat/oblique35,8,109,60,"personal minus population, per person",8,0.29905704589528115,,,,0.19841269841269837,,,,-0.011111111111111127,0.6721153846153846,-0.1960784313725491,0.84,0.5
squat_without_person_2,ex6_squat/oblique35,8,109,60,"personal baseline, v1 fold-averaged (superseded, not interpreted)",8,0.904253842562666,,,,0.9413492063492064,,,,0.8705128205128205,1.0,0.6470588235294118,1.0,1.0
squat_side,ex6_squat/side,9,130,61,"personal baseline, fold-paired (v2)",9,0.9034299759789955,0.7940858993109267,1.0127740526470643,95% CI,0.9523809523809523,0.6923076923076923,1.0,96.1% exact interval,0.9222222222222223,1.0,0.6274509803921569,1.0,1.0
squat_side,ex6_squat/side,9,130,61,"population baseline, leave one person out",9,0.6455545979075391,0.3454021608395821,0.9457070349754961,95% CI,0.7843137254901961,0.09,0.98,96.1% exact interval,0.4126984126984127,0.9523809523809523,0.0,1.0,0.8888888888888888
squat_side,ex6_squat/side,9,130,61,"personal minus population, per person",9,0.2578753780714565,,,,0.020000000000000018,,,,0.0,0.5238095238095238,-0.1568627450980392,1.0,0.5555555555555556
squat_side,ex6_squat/side,9,130,61,"personal baseline, v1 fold-averaged (superseded, not interpreted)",9,0.8965109690599886,,,,0.9523809523809523,,,,0.8222222222222222,1.0,0.6274509803921569,1.0,1.0
split_squat_side,ex5_lunge/side,5,53,53,"personal baseline, fold-paired (v2)",5,0.9137016317016318,0.8136433586930583,1.0137599047102053,95% CI,0.9294871794871795,0.83,1.0,93.8% exact interval,0.83,0.9790209790209791,0.83,1.0,1.0
split_squat_side,ex5_lunge/side,5,53,53,"population baseline, leave one person out",5,0.5468058608058608,0.22135452456406707,0.8722571970476545,95% CI,0.59,0.24358974358974358,0.8461538461538461,93.8% exact interval,0.3142857142857143,0.74,0.24358974358974358,0.8461538461538461,1.0
split_squat_side,ex5_lunge/side,5,53,53,"personal minus population, per person",5,0.36689577089577086,,,,0.24,,,,0.13286713286713292,0.6857142857142857,0.08999999999999997,0.6858974358974359,1.0
split_squat_side,ex5_lunge/side,5,53,53,"personal baseline, v1 fold-averaged (superseded, not interpreted)",5,0.8992913752913754,,,,0.8974358974358975,,,,0.82,0.9790209790209791,0.8,1.0,1.0
